{
"type": "FeatureCollection",
"name": "poly_region_copy",
"crs": { "type": "name", "properties": { "name": "urn:ogc:def:crs:OGC:1.3:CRS84" } },
"features": [
{ "type": "Feature", "properties": { "eventname": "Nurn" }, "geometry": { "type": "MultiPolygon", "coordinates": [ [ [ [ 0.045423508099649, -0.016556825539118 ], [ 0.045274473087407, -0.016556825539118 ], [ 0.045121354924145, -0.016544576086057 ], [ 0.045021317724146, -0.016556825539118 ], [ 0.044919238948638, -0.016573158143199 ], [ 0.044874324287415, -0.016603781775851 ], [ 0.044874324287415, -0.016632363832994 ], [ 0.044839617503742, -0.016677278494217 ], [ 0.044745705030274, -0.016685444796258 ], [ 0.044674249887419, -0.016683403220748 ], [ 0.044639543103746, -0.016677278494217 ], [ 0.044631376801705, -0.016722193155441 ], [ 0.044606877895583, -0.016777315694215 ], [ 0.044529298026197, -0.016773232543195 ], [ 0.0444496765813, -0.016760983090134 ], [ 0.044382304589465, -0.016760983090134 ], [ 0.044276142662936, -0.016777315694215 ], [ 0.044174063887428, -0.016763024665644 ], [ 0.04407198511192, -0.016777315694215 ], [ 0.044090359291512, -0.016795689873807 ], [ 0.044102608744573, -0.016814064053398 ], [ 0.044098525593552, -0.016858978714622 ], [ 0.044029112026207, -0.016895727073805 ], [ 0.043924991675188, -0.016891643922784 ], [ 0.043859661258863, -0.016875311318703 ], [ 0.043794330842538, -0.016858978714622 ], [ 0.043724917275192, -0.016903893375845 ], [ 0.043667753160908, -0.01695901591462 ], [ 0.043657545283357, -0.017003930575844 ], [ 0.043561591234379, -0.016997805849313 ], [ 0.043459512458871, -0.017001889000333 ], [ 0.043402348344586, -0.017020263179925 ], [ 0.043312519022139, -0.017052928388087 ], [ 0.043251271756834, -0.017054969963598 ], [ 0.043214523397651, -0.017069260992169 ], [ 0.043234939152753, -0.017106009351352 ], [ 0.043290061691527, -0.017155007163596 ], [ 0.04333089320173, -0.017183589220738 ], [ 0.043390098891525, -0.017220337579921 ], [ 0.043441138279279, -0.017261169090124 ], [ 0.043388057316015, -0.017287709571756 ], [ 0.043316602173159, -0.017291792722777 ], [ 0.043230856001732, -0.017257085939104 ], [ 0.043210440246631, -0.017267293816655 ], [ 0.043232897577243, -0.017299959024817 ], [ 0.043265562785405, -0.01733058265747 ], [ 0.043312519022139, -0.017336707384 ], [ 0.043343142654791, -0.017348956837061 ], [ 0.043414597797647, -0.017383663620734 ], [ 0.043490136091523, -0.017440827735019 ], [ 0.043490136091523, -0.01745920191461 ], [ 0.043443179854789, -0.017516366028895 ], [ 0.043408473071117, -0.017520449179915 ], [ 0.043339059503771, -0.017518407604405 ], [ 0.043232897577243, -0.017487783971752 ], [ 0.043177775038468, -0.017487783971752 ], [ 0.043185941340509, -0.017493908698283 ], [ 0.043192066067039, -0.017520449179915 ], [ 0.043245147030304, -0.017530657057466 ], [ 0.043312519022139, -0.017549031237057 ], [ 0.043355392107852, -0.017587821171751 ], [ 0.043357433683363, -0.017626611106444 ], [ 0.043302311144588, -0.017642943710525 ], [ 0.043234939152753, -0.017683775220728 ], [ 0.043141026679285, -0.017687858371749 ], [ 0.043094070442551, -0.017679692069708 ], [ 0.043061405234389, -0.017712357277871 ], [ 0.043024656875206, -0.017736856183993 ], [ 0.043049155781328, -0.017791978722767 ], [ 0.043055280507858, -0.01782872708195 ], [ 0.043087945716021, -0.017855267563582 ], [ 0.043100195169082, -0.017898140649296 ], [ 0.043085904140511, -0.017943055310519 ], [ 0.043002199544594, -0.017961429490111 ], [ 0.04295728488337, -0.01795326318807 ], [ 0.042922578099698, -0.017926722706438 ], [ 0.042896037618065, -0.0179593879146 ], [ 0.042883788165004, -0.018000219424804 ], [ 0.042869497136433, -0.018030843057456 ], [ 0.042816416173169, -0.018063508265619 ], [ 0.042771501511945, -0.018047175661538 ], [ 0.042753127332354, -0.018049217237048 ], [ 0.042787834116027, -0.018098215049292 ], [ 0.042789875691537, -0.018149254437046 ], [ 0.042767418360925, -0.018163545465617 ], [ 0.042726586850722, -0.018177836494188 ], [ 0.042669422736437, -0.018190085947249 ], [ 0.042624508075214, -0.018175794918678 ], [ 0.042561219234398, -0.018167628616637 ], [ 0.042587759716031, -0.018210501702351 ], [ 0.042653090132356, -0.018251333212554 ], [ 0.042683713765008, -0.018294206298267 ], [ 0.042634715952764, -0.018316663628879 ], [ 0.042557136083378, -0.01832891308194 ], [ 0.042530595601746, -0.018302372600308 ], [ 0.042502013544604, -0.018263582665615 ], [ 0.042410142646646, -0.018257457939084 ], [ 0.042397893193585, -0.018212543277861 ], [ 0.042387685316034, -0.018188044371739 ], [ 0.042377477438484, -0.018259499514595 ], [ 0.042348895381341, -0.018283998420717 ], [ 0.042303980720118, -0.018300331024798 ], [ 0.042230484001752, -0.018243166910513 ], [ 0.042222317699711, -0.018235000608473 ], [ 0.042199860369099, -0.018263582665615 ], [ 0.042152904132366, -0.018314622053369 ], [ 0.042056950083388, -0.018332996232961 ], [ 0.042016118573185, -0.01832687150643 ], [ 0.041989578091552, -0.018308497326839 ], [ 0.041924247675227, -0.01832687150643 ], [ 0.041883416165024, -0.018312580477859 ], [ 0.041869125136453, -0.018292164722757 ], [ 0.041828293626249, -0.018275832118676 ], [ 0.041773171087475, -0.018267665816635 ], [ 0.041779295814005, -0.018237042183983 ], [ 0.041801753144617, -0.018194169098269 ], [ 0.041767046360944, -0.018210501702351 ], [ 0.041664967585436, -0.018226834306432 ], [ 0.04164111866579, -0.018201633162455 ], [ 0.041059533230806, -0.018494102608961 ], [ 0.041158656858915, -0.018518779604385 ], [ 0.041154573707895, -0.018563694265609 ], [ 0.041064744385448, -0.018586151596221 ], [ 0.041060661234428, -0.018608608926833 ], [ 0.041076993838509, -0.018635149408465 ], [ 0.04108720171606, -0.018692313522749 ], [ 0.041015746573204, -0.018765810241115 ], [ 0.040891210467084, -0.018753560788054 ], [ 0.040805464295657, -0.018716812428871 ], [ 0.040746258605862, -0.018708646126831 ], [ 0.040705427095659, -0.018716812428871 ], [ 0.040535976328315, -0.018743352910504 ], [ 0.040460438034439, -0.018727020306422 ], [ 0.040411440222195, -0.018729061881932 ], [ 0.04033998507934, -0.018753560788054 ], [ 0.040303236720157, -0.01882909908193 ], [ 0.040295070418116, -0.018849514837032 ], [ 0.040329777201789, -0.018878096894174 ], [ 0.040333860352809, -0.01894751046152 ], [ 0.040315486173218, -0.019010799302335 ], [ 0.040299153569136, -0.019243538910494 ], [ 0.040262405209953, -0.019378282894165 ], [ 0.04022157369975, -0.019406864951307 ], [ 0.040356317683421, -0.019431363857429 ], [ 0.040372650287502, -0.019541608934978 ], [ 0.040278737814035, -0.019615105653344 ], [ 0.040295070418116, -0.019651854012527 ], [ 0.040327735626279, -0.019668186616608 ], [ 0.040319569324238, -0.019729433881913 ], [ 0.040270571511994, -0.019786597996198 ], [ 0.040318548536483, -0.019827429506401 ], [ 0.040302215932402, -0.019852949200278 ], [ 0.040369587924237, -0.019908071739052 ], [ 0.040405315495665, -0.01993971615946 ], [ 0.040460438034439, -0.019973402155378 ], [ 0.040543121842601, -0.020022399967622 ], [ 0.040584974140559, -0.02006629384109 ], [ 0.04059109886709, -0.020114270865579 ], [ 0.040569662324233, -0.020142852922721 ], [ 0.040700323156884, -0.020173476555374 ], [ 0.040778923814025, -0.020204100188026 ], [ 0.040877940226268, -0.02025309800027 ], [ 0.040878961014023, -0.020283721632923 ], [ 0.040915709373206, -0.020335781808432 ], [ 0.040942249854838, -0.020389883559451 ], [ 0.040984102152796, -0.020463380277817 ], [ 0.041063723597693, -0.020471546579858 ], [ 0.04108720171606, -0.020481754457409 ], [ 0.041214800185445, -0.020467463428837 ], [ 0.041232153577281, -0.020497066273735 ], [ 0.041270943511975, -0.020538918571693 ], [ 0.041286255328301, -0.020575666930876 ], [ 0.041352606532381, -0.020591999534957 ], [ 0.041453664520134, -0.020565459053325 ], [ 0.041491433667072, -0.020569542204346 ], [ 0.041582283777275, -0.020568521416591 ], [ 0.04165373892013, -0.020546064085979 ], [ 0.041710903034415, -0.020585874808427 ], [ 0.041784399752781, -0.020559334326795 ], [ 0.041845647018086, -0.02056443826557 ], [ 0.041918122948697, -0.020581791657407 ], [ 0.042096760805836, -0.020583833232917 ], [ 0.042194756430324, -0.020543001722713 ], [ 0.042275398662975, -0.020513398877816 ], [ 0.042425454462973, -0.020491962334959 ], [ 0.042492826454808, -0.02049604548598 ], [ 0.04257755183848, -0.020481754457409 ], [ 0.042629612013989, -0.020468484216592 ], [ 0.042753127332354, -0.020463380277817 ], [ 0.042839894291536, -0.020491962334959 ], [ 0.042984846152758, -0.020500128637 ], [ 0.04314000589153, -0.020532793845163 ], [ 0.0432043155201, -0.020517482028836 ], [ 0.043295165630303, -0.020488899971694 ], [ 0.043400306769076, -0.020462359490062 ], [ 0.043549341781318, -0.020436839796185 ], [ 0.043658566071112, -0.020420507192104 ], [ 0.043726958850702, -0.020380696469655 ], [ 0.043803517932333, -0.020342927322717 ], [ 0.043841287079271, -0.02031128290231 ], [ 0.043936220340494, -0.020266368241086 ], [ 0.044019924936411, -0.020225536730883 ], [ 0.044086276140491, -0.020162247890068 ], [ 0.044097504805797, -0.020116312441089 ], [ 0.044083213777226, -0.020088751171702 ], [ 0.044147523405796, -0.020022399967622 ], [ 0.044208770671101, -0.019990755547214 ], [ 0.044257768483345, -0.019947882461501 ], [ 0.044298599993548, -0.019885614408441 ], [ 0.044442531067015, -0.019920321192113 ], [ 0.044535422752727, -0.019910113314562 ], [ 0.044571150324155, -0.019885614408441 ], [ 0.044468050760892, -0.01988153125742 ], [ 0.044412928222118, -0.01988153125742 ], [ 0.044337389928241, -0.019867240228849 ], [ 0.044307787083344, -0.019840699747217 ], [ 0.044301662356814, -0.019785577208442 ], [ 0.044390470891506, -0.019737600183954 ], [ 0.044476217062933, -0.01969064394722 ], [ 0.044554817720074, -0.019665124253343 ], [ 0.044620148136399, -0.019635521408445 ], [ 0.04463443916497, -0.019612043290079 ], [ 0.044641584679256, -0.019580398869671 ], [ 0.044724268487418, -0.019543650510488 ], [ 0.044777349450682, -0.019546712873753 ], [ 0.044797765205783, -0.019562024690079 ], [ 0.044844721442517, -0.019459945914571 ], [ 0.04481716017313, -0.019454841975796 ], [ 0.044745705030274, -0.019457904339061 ], [ 0.044712019034357, -0.019455862763551 ], [ 0.044673229099663, -0.01943953015947 ], [ 0.0445701295364, -0.019451779612531 ], [ 0.044537464328238, -0.019440550947225 ], [ 0.044524194087421, -0.019416052041103 ], [ 0.044665062797623, -0.019297130267636 ], [ 0.044832471989456, -0.019297130267636 ], [ 0.044991714879249, -0.019329795475798 ], [ 0.0451223757119, -0.019337961777839 ], [ 0.04524895339353, -0.019317546022737 ], [ 0.045330616413936, -0.01922363354927 ], [ 0.045391863679241, -0.018966395034989 ], [ 0.045461277246587, -0.018243677304391 ], [ 0.045457194095567, -0.017010565696252 ], [ 0.045423508099649, -0.016556825539118 ] ] ] ] } },
{ "type": "Feature", "properties": { "eventname": "Mordor" }, "geometry": { "type": "MultiPolygon", "coordinates": [ [ [ [ 0.045415341797608, -0.016516504422792 ], [ 0.045348990593528, -0.016510379696261 ], [ 0.045214246609857, -0.016521608361567 ], [ 0.045138708315981, -0.016520587573812 ], [ 0.045009068271086, -0.016518545998302 ], [ 0.044955987307821, -0.016502213394221 ], [ 0.044839617503742, -0.016512421271771 ], [ 0.044776328662927, -0.016502213394221 ], [ 0.044709977458846, -0.016497109455445 ], [ 0.044657917283337, -0.016467506610548 ], [ 0.044488466515994, -0.016470568973813 ], [ 0.044405782707832, -0.016460361096262 ], [ 0.04426287242212, -0.016533857814628 ], [ 0.044191417279265, -0.016555294357485 ], [ 0.044129149226205, -0.016583876414627 ], [ 0.044079130626206, -0.016596125867688 ], [ 0.044006654695595, -0.016628791075851 ], [ 0.043905596707842, -0.016666560222789 ], [ 0.043587110928256, -0.016827844688092 ], [ 0.043431951189484, -0.016864593047275 ], [ 0.043158380071122, -0.016887050377887 ], [ 0.04295524330786, -0.016875821712581 ], [ 0.042757210483374, -0.016926861100335 ], [ 0.04257755183848, -0.016914611647274 ], [ 0.042301939144608, -0.016790075541154 ], [ 0.042181486189508, -0.016785992390133 ], [ 0.042110031046652, -0.016906445345233 ], [ 0.041971203911961, -0.016906445345233 ], [ 0.041793586842577, -0.016900320618703 ], [ 0.041681300189518, -0.016926861100335 ], [ 0.041428144826257, -0.016896237467682 ], [ 0.041107617471161, -0.016896237467682 ], [ 0.040927958826267, -0.016808449720745 ], [ 0.04072175969974, -0.016832948626867 ], [ 0.040531893177295, -0.01686765541054 ], [ 0.040435939128317, -0.016855405957479 ], [ 0.040305278295667, -0.016822740749316 ], [ 0.040235864728321, -0.016808449720745 ], [ 0.040143993830364, -0.016777826088093 ], [ 0.040070497111998, -0.016708412520747 ], [ 0.039956168883429, -0.016643082104422 ], [ 0.039770385512004, -0.016571626961566 ], [ 0.039658098858945, -0.016536920177893 ], [ 0.039625433650782, -0.016485880790139 ], [ 0.039586643716089, -0.016477714488099 ], [ 0.039545812205886, -0.016483839214629 ], [ 0.039482523365071, -0.016512421271771 ], [ 0.039464149185479, -0.016610416896259 ], [ 0.039427400826296, -0.016647165255442 ], [ 0.039419234524255, -0.016694121492176 ], [ 0.039374319863032, -0.016767618210542 ], [ 0.039327363626298, -0.016843156504418 ], [ 0.039313072597727, -0.016894195892172 ], [ 0.039339613079359, -0.017010565696252 ], [ 0.039376361438542, -0.017149392830943 ], [ 0.039423317675276, -0.017278012088083 ], [ 0.03947231548752, -0.017416839222774 ], [ 0.039533562752825, -0.01761487204726 ], [ 0.039619308924252, -0.01786190268399 ], [ 0.039754052907922, -0.018070143386027 ], [ 0.03984388223037, -0.018468250610509 ], [ 0.039831632777309, -0.018623410349281 ], [ 0.039896963193634, -0.018758154332952 ], [ 0.039937794703837, -0.018929646675806 ], [ 0.040003125120162, -0.019060307508457 ], [ 0.040007208271183, -0.019280797663554 ], [ 0.040066413960978, -0.019368585410491 ], [ 0.040154201707915, -0.019550285630896 ], [ 0.040133785952813, -0.019750360030892 ], [ 0.040170534311996, -0.019864688259461 ], [ 0.040352234532401, -0.020179090888027 ], [ 0.040627847226273, -0.020338333777819 ], [ 0.04084425423035, -0.020534325026795 ], [ 0.041076993838509, -0.020656819557405 ], [ 0.041501641544623, -0.02072214997373 ], [ 0.042342770654811, -0.020693567916588 ], [ 0.043053238932348, -0.020644570104344 ], [ 0.043481969789483, -0.02059148914108 ], [ 0.044139357103755, -0.020387331590063 ], [ 0.044498674393544, -0.020130093075783 ], [ 0.044796744418028, -0.019791191541095 ], [ 0.045151978556797, -0.019558451932937 ], [ 0.045472505911893, -0.019170552586005 ], [ 0.045415341797608, -0.016516504422792 ] ] ] ] } },
{ "type": "Feature", "properties": { "eventname": "Westfarthing" }, "geometry": { "type": "MultiPolygon", "coordinates": [ [ [ [ 0.029582074493019, -0.009864274721667 ], [ 0.029611389360783, -0.009874970686932 ], [ 0.029635103961651, -0.009884584714311 ], [ 0.029711375245524, -0.009915990537082 ], [ 0.029753676965991, -0.009932013916047 ], [ 0.029781878112969, -0.00994419168406 ], [ 0.029795978686458, -0.009951241970805 ], [ 0.029828666379546, -0.009967906284928 ], [ 0.029856867526524, -0.009978802182624 ], [ 0.029869045294537, -0.009983288728734 ], [ 0.029886350543819, -0.00998969808032 ], [ 0.029926088523652, -0.010001234913175 ], [ 0.02994980312452, -0.010010848940554 ], [ 0.029968390244119, -0.010017899227298 ], [ 0.029984413623084, -0.010023026708567 ], [ 0.029999155131732, -0.010028795124994 ], [ 0.030013896640379, -0.010035845411739 ], [ 0.03003184282482, -0.010044818503959 ], [ 0.030050429944419, -0.010056355336814 ], [ 0.030070939869494, -0.010069814975144 ], [ 0.030115164395437, -0.010085838354109 ], [ 0.030170925754235, -0.010112116695611 ], [ 0.030179257911296, -0.010115962306563 ], [ 0.030188871938675, -0.010121089787832 ], [ 0.030201690641847, -0.010129421944894 ], [ 0.030220277761446, -0.010140958777748 ], [ 0.030231814594301, -0.010147368129334 ], [ 0.030247197038107, -0.010155059351237 ], [ 0.030261297611596, -0.010164032443458 ], [ 0.030274116314768, -0.010171723665361 ], [ 0.030283089406988, -0.010178773952105 ], [ 0.030305522137539, -0.01019928387718 ], [ 0.030313854294601, -0.010210179774876 ], [ 0.030322186451662, -0.010219152867096 ], [ 0.030333082349359, -0.010228125959317 ], [ 0.03034590105253, -0.010237739986696 ], [ 0.030354874144751, -0.010245431208599 ], [ 0.03036897471824, -0.010254404300819 ], [ 0.03038692090268, -0.010269145809467 ], [ 0.030402944281645, -0.01028132357748 ], [ 0.030413199244183, -0.010287732929066 ], [ 0.030433709169258, -0.010296706021286 ], [ 0.03045550096465, -0.010305038178348 ], [ 0.030469601538139, -0.010310165659617 ], [ 0.030486265852262, -0.010317215946361 ], [ 0.03051446699924, -0.010326189038581 ], [ 0.030534976924315, -0.010336444001119 ], [ 0.030565100876769, -0.010342212417546 ], [ 0.030590137743027, -0.010350558039632 ], [ 0.030588495010058, -0.010363042810201 ], [ 0.030588174542478, -0.01037714338369 ], [ 0.030586572204582, -0.010393166762654 ], [ 0.030586251737003, -0.010414638090467 ], [ 0.030584008463948, -0.01043610941828 ], [ 0.030582406126051, -0.010444762042921 ], [ 0.030579201450258, -0.010478411138747 ], [ 0.030574372331564, -0.010506466018779 ], [ 0.03057375350141, -0.010505009947829 ], [ 0.030561575733397, -0.010524238002587 ], [ 0.030550038900542, -0.010546029797979 ], [ 0.030542988613798, -0.010557566630833 ], [ 0.030528888040309, -0.010585126842653 ], [ 0.030515428401978, -0.010605636767728 ], [ 0.030505173439441, -0.010621660146693 ], [ 0.030478895097938, -0.010657552515574 ], [ 0.030468640135401, -0.01066844841327 ], [ 0.030424415609458, -0.010717159485323 ], [ 0.030407751295335, -0.010735105669764 ], [ 0.030386600435101, -0.010758179335473 ], [ 0.030372499861612, -0.010775484584755 ], [ 0.030356476482647, -0.010795353574671 ], [ 0.030338530298207, -0.010815222564588 ], [ 0.030322506919242, -0.010833168749028 ], [ 0.030299433253532, -0.010856242414738 ], [ 0.030285332680043, -0.010868420182751 ], [ 0.030265463690127, -0.010884443561716 ], [ 0.030243030959576, -0.010906876292266 ], [ 0.030225084775136, -0.01092354060639 ], [ 0.030213547942281, -0.010934436504086 ], [ 0.030197524563316, -0.010951100818209 ], [ 0.03018662866562, -0.010961996715905 ], [ 0.030170605286655, -0.010979942900346 ], [ 0.030151377231898, -0.01100109376058 ], [ 0.030132790112298, -0.011019680880179 ], [ 0.030115484863016, -0.011038267999778 ], [ 0.030096256808259, -0.011056855119377 ], [ 0.030075105948025, -0.011077365044452 ], [ 0.03006356911517, -0.011089542812465 ], [ 0.030048827606523, -0.011106848061747 ], [ 0.030028317681448, -0.01112863985714 ], [ 0.030011653367324, -0.011145304171263 ], [ 0.029996270923518, -0.011161327550228 ], [ 0.029953969203051, -0.011195297113633 ], [ 0.029901412520046, -0.011246571926321 ], [ 0.029815349374586, -0.011313808758712 ], [ 0.029797581024354, -0.011311947312497 ], [ 0.029780916710231, -0.011309383571863 ], [ 0.029754638368729, -0.011304897025753 ], [ 0.029730282832702, -0.011297846739008 ], [ 0.029716182259213, -0.011294642063215 ], [ 0.029704645426358, -0.011290796452263 ], [ 0.029679008020015, -0.011281823360043 ], [ 0.029652088743354, -0.011273491202981 ], [ 0.02963542442923, -0.011267722786554 ], [ 0.029621323855741, -0.011258108759175 ], [ 0.029610427958045, -0.011251058472431 ], [ 0.029600172995508, -0.011244649120845 ], [ 0.029583508681384, -0.011236316963783 ], [ 0.029569408107895, -0.011227984806721 ], [ 0.029557871275041, -0.011220293584818 ], [ 0.029522619841318, -0.011199783659743 ], [ 0.029514287684256, -0.011194015243316 ], [ 0.029500187110767, -0.011181837475303 ], [ 0.02948993214823, -0.011171582512765 ], [ 0.029477113445058, -0.011156200068959 ], [ 0.02945339884419, -0.011130562662615 ], [ 0.029446348557446, -0.011117103024285 ], [ 0.029438657335542, -0.011100438710161 ], [ 0.029429684243322, -0.011076724109294 ], [ 0.029422633956578, -0.01106005979517 ], [ 0.029409815253406, -0.011013271528593 ], [ 0.029408533383089, -0.010997889084787 ], [ 0.029407251512771, -0.010975456354236 ], [ 0.029404046836978, -0.010954305494002 ], [ 0.029402124031503, -0.01094148679083 ], [ 0.029398278420551, -0.010863292701482 ], [ 0.02939891935571, -0.010849833063152 ], [ 0.029398278420551, -0.010831886878711 ], [ 0.029402124031503, -0.01080496760205 ], [ 0.029405328707296, -0.010784457676975 ], [ 0.029407251512771, -0.010762665881583 ], [ 0.02940789244793, -0.010745360632301 ], [ 0.02940789244793, -0.010729337253336 ], [ 0.029409174318247, -0.010701777041517 ], [ 0.029409815253406, -0.010676780570332 ], [ 0.02940789244793, -0.010651784099147 ], [ 0.029404687772137, -0.01062742856312 ], [ 0.029401483096344, -0.010605636767728 ], [ 0.029400201226027, -0.010581281231701 ], [ 0.029398278420551, -0.010560130371468 ], [ 0.029399560290868, -0.010508214623622 ], [ 0.029399560290868, -0.01049988246656 ], [ 0.029400201226027, -0.010480013476644 ], [ 0.02940340590182, -0.010460144486727 ], [ 0.029407251512771, -0.010442198302287 ], [ 0.029411097123723, -0.010426815858481 ], [ 0.02941237899404, -0.010415919960784 ], [ 0.029415583669833, -0.010402460322454 ], [ 0.029420070215943, -0.010384514138013 ], [ 0.029423274891736, -0.010371695434842 ], [ 0.029427120502688, -0.010343814755443 ], [ 0.029428081905426, -0.010322663895209 ], [ 0.029428722840584, -0.010313690802989 ], [ 0.029429043308164, -0.010300551632238 ], [ 0.029430966113639, -0.010281964512639 ], [ 0.02943545265975, -0.010264659263357 ], [ 0.029441221076177, -0.01024479027344 ], [ 0.02945339884419, -0.010224280348365 ], [ 0.029464294741886, -0.010205052293607 ], [ 0.029468781287996, -0.010193515460753 ], [ 0.029473267834106, -0.010181978627898 ], [ 0.029477754380217, -0.010158904962189 ], [ 0.029482240926327, -0.010140958777748 ], [ 0.029484163731803, -0.010130703815211 ], [ 0.029488009342754, -0.010121089787832 ], [ 0.02948993214823, -0.010114039501087 ], [ 0.029491854953706, -0.010103143603391 ], [ 0.029496341499816, -0.010090324900219 ], [ 0.029500828045926, -0.010073660586096 ], [ 0.029509801138146, -0.010050586920387 ], [ 0.029518133295208, -0.010028795124994 ], [ 0.029529029192904, -0.010004439588968 ], [ 0.029541847896076, -0.009973033766197 ], [ 0.029549539117979, -0.009955728516915 ], [ 0.029557230339882, -0.00993521859184 ], [ 0.029563639691468, -0.009919195212875 ], [ 0.029570049043054, -0.009897403417483 ], [ 0.029575176524323, -0.00988073910336 ], [ 0.029581585875909, -0.009865356659553 ], [ 0.029582074493019, -0.009864274721667 ] ] ] ] } },
{ "type": "Feature", "properties": { "eventname": "Northfarthing" }, "geometry": { "type": "MultiPolygon", "coordinates": [ [ [ [ 0.030590137743027, -0.010350558039632 ], [ 0.030565100876769, -0.010342212417546 ], [ 0.030534976924315, -0.010336444001119 ], [ 0.03051446699924, -0.010326189038581 ], [ 0.030486265852262, -0.010317215946361 ], [ 0.030469601538139, -0.010310165659617 ], [ 0.03045550096465, -0.010305038178348 ], [ 0.030433709169258, -0.010296706021286 ], [ 0.030413199244183, -0.010287732929066 ], [ 0.030402944281645, -0.01028132357748 ], [ 0.03038692090268, -0.010269145809467 ], [ 0.03036897471824, -0.010254404300819 ], [ 0.030354874144751, -0.010245431208599 ], [ 0.03034590105253, -0.010237739986696 ], [ 0.030333082349359, -0.010228125959317 ], [ 0.030322186451662, -0.010219152867096 ], [ 0.030313854294601, -0.010210179774876 ], [ 0.030305522137539, -0.01019928387718 ], [ 0.030283089406988, -0.010178773952105 ], [ 0.030274116314768, -0.010171723665361 ], [ 0.030261297611596, -0.010164032443458 ], [ 0.030247197038107, -0.010155059351237 ], [ 0.030231814594301, -0.010147368129334 ], [ 0.030220277761446, -0.010140958777748 ], [ 0.030201690641847, -0.010129421944894 ], [ 0.030188871938675, -0.010121089787832 ], [ 0.030179257911296, -0.010115962306563 ], [ 0.030170925754235, -0.010112116695611 ], [ 0.030115164395437, -0.010085838354109 ], [ 0.030070939869494, -0.010069814975144 ], [ 0.030050429944419, -0.010056355336814 ], [ 0.03003184282482, -0.010044818503959 ], [ 0.030013896640379, -0.010035845411739 ], [ 0.029999155131732, -0.010028795124994 ], [ 0.029984413623084, -0.010023026708567 ], [ 0.029968390244119, -0.010017899227298 ], [ 0.02994980312452, -0.010010848940554 ], [ 0.029926088523652, -0.010001234913175 ], [ 0.029886350543819, -0.00998969808032 ], [ 0.029869045294537, -0.009983288728734 ], [ 0.029856867526524, -0.009978802182624 ], [ 0.029828666379546, -0.009967906284928 ], [ 0.029795978686458, -0.009951241970805 ], [ 0.029781878112969, -0.00994419168406 ], [ 0.029753676965991, -0.009932013916047 ], [ 0.029711375245524, -0.009915990537082 ], [ 0.029635103961651, -0.009884584714311 ], [ 0.029611389360783, -0.009874970686932 ], [ 0.029582074493019, -0.009864274721667 ], [ 0.029590558968129, -0.009845487669637 ], [ 0.029598250190032, -0.009828182420355 ], [ 0.029610427958045, -0.009808954365597 ], [ 0.029620041985424, -0.009794853792108 ], [ 0.029629656012803, -0.009777548542826 ], [ 0.029639270040182, -0.00976216609902 ], [ 0.029650806873037, -0.009744860849738 ], [ 0.029661061835574, -0.009731401211407 ], [ 0.029670675862953, -0.009719864378553 ], [ 0.029684776436442, -0.009701918194112 ], [ 0.02969951794509, -0.009681408269037 ], [ 0.029712336648262, -0.009665384890072 ], [ 0.029723873481116, -0.009655770862694 ], [ 0.029739896860081, -0.00964359309468 ], [ 0.029759765849997, -0.009628210650874 ], [ 0.029779634839914, -0.009613469142226 ], [ 0.029800785700147, -0.009596804828103 ], [ 0.029812322533002, -0.00958462706009 ], [ 0.029820013754905, -0.009576294903028 ], [ 0.029833473393236, -0.009565399005332 ], [ 0.029846933031566, -0.009555784977953 ], [ 0.029862315475372, -0.009544248145098 ], [ 0.029888593816875, -0.009519251673913 ], [ 0.029912308417742, -0.009498741748838 ], [ 0.029927690861549, -0.009488486786301 ], [ 0.029941150499879, -0.009481436499556 ], [ 0.029959737619478, -0.009473745277653 ], [ 0.029981529414871, -0.009465413120591 ], [ 0.030011653367324, -0.009456440028371 ], [ 0.03006356911517, -0.009443621325199 ], [ 0.030093052132466, -0.009439775714248 ], [ 0.030124457955237, -0.009434648232979 ], [ 0.030161632194435, -0.009424393270442 ], [ 0.0301776555734, -0.009419906724331 ], [ 0.030199447368792, -0.009417342983697 ], [ 0.030216752618074, -0.009413497372745 ], [ 0.030237262543149, -0.009405806150842 ], [ 0.030253926857272, -0.009398755864098 ], [ 0.030271873041713, -0.009392346512512 ], [ 0.030287255485519, -0.009387219031243 ], [ 0.030303919799643, -0.009383373420292 ], [ 0.030320584113766, -0.009380809679657 ], [ 0.030334043752096, -0.009378886874181 ], [ 0.030352630871696, -0.009375682198388 ], [ 0.030367372380343, -0.00937504126323 ], [ 0.030401341943749, -0.00937504126323 ], [ 0.030416724387555, -0.009374400328071 ], [ 0.030446848340009, -0.009371836587437 ], [ 0.030464153589291, -0.009369913781961 ], [ 0.030489790995635, -0.009368631911644 ], [ 0.030513505596502, -0.009368631911644 ], [ 0.030546834224749, -0.009368631911644 ], [ 0.030575676306886, -0.009369913781961 ], [ 0.030589776880375, -0.009371836587437 ], [ 0.030609004935133, -0.00937504126323 ], [ 0.030624387378939, -0.009375682198388 ], [ 0.030650665720441, -0.009380168744499 ], [ 0.030670534710358, -0.009385296225767 ], [ 0.030689121829957, -0.009391064642195 ], [ 0.030701940533129, -0.009394910253146 ], [ 0.030734628226217, -0.009409010826635 ], [ 0.030745524123913, -0.009417342983697 ], [ 0.030762829373195, -0.009425675140759 ], [ 0.030780775557636, -0.009433366362662 ], [ 0.030799362677235, -0.009441698519724 ], [ 0.030807053899138, -0.009448748806468 ], [ 0.030819231667151, -0.009458362833847 ], [ 0.03083333224064, -0.00946605405575 ], [ 0.030843587203178, -0.009474386212812 ], [ 0.030857687776667, -0.009485923045666 ], [ 0.030871788350156, -0.009499382683997 ], [ 0.030882684247852, -0.009507714841059 ], [ 0.030894862015865, -0.009516687933279 ], [ 0.030907039783878, -0.009524379155182 ], [ 0.030921781292526, -0.009532711312244 ], [ 0.030934599995698, -0.009542325339623 ], [ 0.030939727476967, -0.009550016561526 ], [ 0.030946136828553, -0.00956155339438 ], [ 0.030957032726249, -0.009576294903028 ], [ 0.030964723948152, -0.0095891136062 ], [ 0.030971774234896, -0.009600650439055 ], [ 0.030975619845848, -0.009618596623495 ], [ 0.030979465456799, -0.009630774391508 ], [ 0.030985233873227, -0.009644874964997 ], [ 0.030989720419337, -0.009653848057218 ], [ 0.030995488835764, -0.009662821149438 ], [ 0.031002539122509, -0.009671794241658 ], [ 0.03100638473346, -0.009676921722927 ], [ 0.031018562501473, -0.009690381361258 ], [ 0.031026894658535, -0.009706404740222 ], [ 0.03101087127957, -0.009730760276249 ], [ 0.031004461927984, -0.009739733368469 ], [ 0.030996770706081, -0.009749988331007 ], [ 0.030989079484178, -0.009762807034178 ], [ 0.030983311067751, -0.009778189477985 ], [ 0.030982670132592, -0.009783316959253 ], [ 0.030982029197434, -0.009796776597584 ], [ 0.030982670132592, -0.009813440911707 ], [ 0.030983311067751, -0.009832028031306 ], [ 0.030983952002909, -0.009849333280588 ], [ 0.030983952002909, -0.009874329751774 ], [ 0.030983181881488, -0.009880875783853 ], [ 0.030970171897, -0.009887148454945 ], [ 0.030943252620339, -0.009912144926131 ], [ 0.030931074852326, -0.009925604564461 ], [ 0.030914410538202, -0.009943550748902 ], [ 0.030902232770189, -0.009953164776281 ], [ 0.030885568456065, -0.009964701609135 ], [ 0.030853521698136, -0.00998521153421 ], [ 0.030827884291792, -0.010005721459285 ], [ 0.030818270264413, -0.010015335486664 ], [ 0.030781736960373, -0.010050586920387 ], [ 0.030763149840774, -0.010069174039986 ], [ 0.030732384953162, -0.010101220797915 ], [ 0.030712515963245, -0.01012173072299 ], [ 0.030675341724047, -0.010162109637982 ], [ 0.030654831798972, -0.010182619563057 ], [ 0.030629194392628, -0.010218511931938 ], [ 0.030609966337871, -0.010258890846929 ], [ 0.030596186231961, -0.010307281451403 ], [ 0.030593302023747, -0.010326509506161 ], [ 0.030590137743027, -0.010350558039632 ] ] ] ] } },
{ "type": "Feature", "properties": { "eventname": "Eastfarthing" }, "geometry": { "type": "MultiPolygon", "coordinates": [ [ [ [ 0.030574372331564, -0.010506466018779 ], [ 0.030579201450258, -0.010478411138747 ], [ 0.030582406126051, -0.010444762042921 ], [ 0.030584008463948, -0.01043610941828 ], [ 0.030586251737003, -0.010414638090467 ], [ 0.030586572204582, -0.010393166762654 ], [ 0.030588174542478, -0.01037714338369 ], [ 0.030588495010058, -0.010363042810201 ], [ 0.030590137743027, -0.010350558039632 ], [ 0.030593302023747, -0.010326509506161 ], [ 0.030596186231961, -0.010307281451403 ], [ 0.030609966337871, -0.010258890846929 ], [ 0.030629194392628, -0.010218511931938 ], [ 0.030654831798972, -0.010182619563057 ], [ 0.030675341724047, -0.010162109637982 ], [ 0.030712515963245, -0.01012173072299 ], [ 0.030732384953162, -0.010101220797915 ], [ 0.030763149840774, -0.010069174039986 ], [ 0.030781736960373, -0.010050586920387 ], [ 0.030818270264413, -0.010015335486664 ], [ 0.030827884291792, -0.010005721459285 ], [ 0.030853521698136, -0.00998521153421 ], [ 0.030885568456065, -0.009964701609135 ], [ 0.030902232770189, -0.009953164776281 ], [ 0.030914410538202, -0.009943550748902 ], [ 0.030931074852326, -0.009925604564461 ], [ 0.030943252620339, -0.009912144926131 ], [ 0.030970171897, -0.009887148454945 ], [ 0.030983181881488, -0.009880875783853 ], [ 0.030982670132592, -0.00988522564947 ], [ 0.030982029197434, -0.009890994065897 ], [ 0.030980747327117, -0.0098986852878 ], [ 0.030978824521641, -0.009903812769069 ], [ 0.030977542651324, -0.009909581185496 ], [ 0.030975619845848, -0.009917272407399 ], [ 0.030975619845848, -0.009928809240254 ], [ 0.030978824521641, -0.009940346073109 ], [ 0.030987156678702, -0.009953805711439 ], [ 0.030991002289654, -0.009960215063025 ], [ 0.03099741164124, -0.009972392831038 ], [ 0.03100638473346, -0.009987775274845 ], [ 0.031012794085046, -0.010001234913175 ], [ 0.031028817464011, -0.01003071793047 ], [ 0.03103394494528, -0.010040331957849 ], [ 0.031037790556231, -0.010051227855545 ], [ 0.031043558972659, -0.010064687493876 ], [ 0.031044840842976, -0.010074301521255 ], [ 0.031043558972659, -0.010086479289268 ], [ 0.031041636167183, -0.010101220797915 ], [ 0.03103843149139, -0.01011724417688 ], [ 0.031031381204645, -0.010130062880052 ], [ 0.031022408112425, -0.010144163453541 ], [ 0.031015998760839, -0.010154418416079 ], [ 0.030999975381874, -0.010176210211471 ], [ 0.030999334446716, -0.010189028914643 ], [ 0.030999334446716, -0.010194156395911 ], [ 0.030996770706081, -0.010210820710035 ], [ 0.03099741164124, -0.010219152867096 ], [ 0.03100189818735, -0.010239021857013 ], [ 0.03100638473346, -0.010250558689868 ], [ 0.031013435020205, -0.010268504874308 ], [ 0.031020485306949, -0.010283246382956 ], [ 0.031027535593694, -0.010295424150969 ], [ 0.031032022139804, -0.010305679113506 ], [ 0.031037149621073, -0.010321702492471 ], [ 0.03103843149139, -0.010334521195643 ], [ 0.031039072426548, -0.010342853352705 ], [ 0.031040354296866, -0.010355031120718 ], [ 0.0310429180375, -0.010369131694207 ], [ 0.031044840842976, -0.010378104786427 ], [ 0.031046763648452, -0.010390923489599 ], [ 0.031048045518769, -0.010403742192771 ], [ 0.031048686453927, -0.010413997155309 ], [ 0.031051250194562, -0.010424893053005 ], [ 0.031054454870355, -0.010429379599115 ], [ 0.031057018610989, -0.010433225210066 ], [ 0.031061505157099, -0.010438993626494 ], [ 0.031067273573527, -0.010444121107763 ], [ 0.031076887600905, -0.010451171394507 ], [ 0.03108106418657, -0.010456183297305 ], [ 0.031086501628284, -0.010462708227362 ], [ 0.031090988174394, -0.010473604125058 ], [ 0.03109291097987, -0.010480013476644 ], [ 0.031095474720505, -0.010490268439181 ], [ 0.031098679396298, -0.010501805272036 ], [ 0.031105088747883, -0.010512060234573 ], [ 0.031108833217044, -0.010523709694184 ], [ 0.031110857164311, -0.010530006419014 ], [ 0.031113420904945, -0.010540261381551 ], [ 0.031113741372524, -0.010551157279247 ], [ 0.031115343710421, -0.010566539723054 ], [ 0.031117907451055, -0.010578717491067 ], [ 0.03112047119169, -0.01059089525908 ], [ 0.031123034932324, -0.010597945545825 ], [ 0.0311249577378, -0.010603713962252 ], [ 0.031125598672958, -0.010612687054472 ], [ 0.0311249577378, -0.010628069498279 ], [ 0.0311249577378, -0.010635119785023 ], [ 0.031126880543276, -0.010645374747561 ], [ 0.031129270432518, -0.010652013328789 ], [ 0.031132648959703, -0.010661398126525 ], [ 0.031137776440972, -0.010674857764856 ], [ 0.03114818914754, -0.010685988589118 ], [ 0.031154664844008, -0.010692910885343 ], [ 0.031145467662875, -0.010697290495407 ], [ 0.03113393083002, -0.010701777041517 ], [ 0.031123034932324, -0.010702417976675 ], [ 0.031114702775262, -0.01070946826342 ], [ 0.031108934358835, -0.010713313874371 ], [ 0.031100602201773, -0.010715236679847 ], [ 0.031094192850187, -0.010715877615006 ], [ 0.031089706304077, -0.010717800420482 ], [ 0.031082015082174, -0.010723568836909 ], [ 0.031075605730588, -0.010724209772068 ], [ 0.031070478249319, -0.010724850707226 ], [ 0.031067273573527, -0.010726773512702 ], [ 0.031062146092258, -0.010729978188495 ], [ 0.031050609259403, -0.010732541929129 ], [ 0.031040995232024, -0.010730619123653 ], [ 0.031034585880438, -0.010731260058812 ], [ 0.031028817464011, -0.010735105669764 ], [ 0.031024971853059, -0.010737028475239 ], [ 0.031019844371791, -0.010738310345557 ], [ 0.031014075955363, -0.010739592215874 ], [ 0.031008948474095, -0.01074151502135 ], [ 0.031003820992826, -0.010752410919046 ], [ 0.030999975381874, -0.01075497465968 ], [ 0.030994847900606, -0.010758820270632 ], [ 0.030994206965447, -0.010761384011266 ], [ 0.03099292509513, -0.010770998038645 ], [ 0.030990361354495, -0.010780612066024 ], [ 0.030987156678702, -0.010789585158244 ], [ 0.030987156678702, -0.010797276380147 ], [ 0.030991002289654, -0.01080945414816 ], [ 0.030989720419337, -0.010817786305222 ], [ 0.030985874808385, -0.010825477527125 ], [ 0.030982029197434, -0.010829964073235 ], [ 0.030973697040372, -0.010831886878711 ], [ 0.030966005818469, -0.010833809684187 ], [ 0.030962801142676, -0.010836373424821 ], [ 0.03095190524498, -0.010837655295138 ], [ 0.030941650282442, -0.010835732489663 ], [ 0.030937804671491, -0.010835091554504 ], [ 0.030930113449588, -0.010833168749028 ], [ 0.03092434503316, -0.010833809684187 ], [ 0.030914090070623, -0.010833809684187 ], [ 0.030907039783878, -0.01083252781387 ], [ 0.030903835108085, -0.010830605008394 ], [ 0.030896784821341, -0.010829323138077 ], [ 0.030889734534596, -0.01082804126776 ], [ 0.030884607053328, -0.010827400332601 ], [ 0.03087435209079, -0.010826759397442 ], [ 0.030868583674363, -0.010827400332601 ], [ 0.030858328711825, -0.010827400332601 ], [ 0.030851919360239, -0.010824836591967 ], [ 0.030841023462543, -0.010820350045856 ], [ 0.03083781878675, -0.010819709110698 ], [ 0.030832050370323, -0.010817145370063 ], [ 0.030826922889054, -0.010817145370063 ], [ 0.03081987260231, -0.010818427240381 ], [ 0.030812822315565, -0.010819068175539 ], [ 0.030801926417869, -0.010819068175539 ], [ 0.030791671455332, -0.010815863499746 ], [ 0.030787184909222, -0.010814581629429 ], [ 0.030782698363111, -0.010816504434905 ], [ 0.030773084335732, -0.010815222564588 ], [ 0.030767315919305, -0.010813940694271 ], [ 0.030757060956768, -0.01080945414816 ], [ 0.030753856280975, -0.010808172277843 ], [ 0.030749369734865, -0.010804326666892 ], [ 0.030744242253596, -0.010797917315306 ], [ 0.030741678512961, -0.010794071704354 ], [ 0.030738473837168, -0.010790867028561 ], [ 0.030725014198838, -0.010785098612134 ], [ 0.030720527652728, -0.010781893936341 ], [ 0.030717963912093, -0.010778048325389 ], [ 0.030713477365983, -0.010769075233169 ], [ 0.030706427079239, -0.010751129048728 ], [ 0.03070129959797, -0.010743437826825 ], [ 0.03069232650575, -0.010729978188495 ], [ 0.030676944061944, -0.010706263587627 ], [ 0.030670534710358, -0.010692163014138 ], [ 0.030659638812662, -0.010665243737477 ], [ 0.030650024785283, -0.010646015682719 ], [ 0.030644256368855, -0.010637042590499 ], [ 0.030637206082111, -0.010624223887327 ], [ 0.030630155795366, -0.010611405184155 ], [ 0.030625028314098, -0.010600509286459 ], [ 0.030617978027353, -0.010588972453604 ], [ 0.030610927740609, -0.010576794685591 ], [ 0.030602595583547, -0.010562053176944 ], [ 0.030584649399106, -0.010530647354173 ], [ 0.030574372331564, -0.010506466018779 ] ] ] ] } },
{ "type": "Feature", "properties": { "eventname": "Southfarthing" }, "geometry": { "type": "MultiPolygon", "coordinates": [ [ [ [ 0.029815349374586, -0.011313808758712 ], [ 0.029901412520046, -0.011246571926321 ], [ 0.029953969203051, -0.011195297113633 ], [ 0.029996270923518, -0.011161327550228 ], [ 0.030011653367324, -0.011145304171263 ], [ 0.030028317681448, -0.01112863985714 ], [ 0.030048827606523, -0.011106848061747 ], [ 0.03006356911517, -0.011089542812465 ], [ 0.030075105948025, -0.011077365044452 ], [ 0.030096256808259, -0.011056855119377 ], [ 0.030115484863016, -0.011038267999778 ], [ 0.030132790112298, -0.011019680880179 ], [ 0.030151377231898, -0.01100109376058 ], [ 0.030170605286655, -0.010979942900346 ], [ 0.03018662866562, -0.010961996715905 ], [ 0.030197524563316, -0.010951100818209 ], [ 0.030213547942281, -0.010934436504086 ], [ 0.030225084775136, -0.01092354060639 ], [ 0.030243030959576, -0.010906876292266 ], [ 0.030265463690127, -0.010884443561716 ], [ 0.030285332680043, -0.010868420182751 ], [ 0.030299433253532, -0.010856242414738 ], [ 0.030322506919242, -0.010833168749028 ], [ 0.030338530298207, -0.010815222564588 ], [ 0.030356476482647, -0.010795353574671 ], [ 0.030372499861612, -0.010775484584755 ], [ 0.030386600435101, -0.010758179335473 ], [ 0.030407751295335, -0.010735105669764 ], [ 0.030424415609458, -0.010717159485323 ], [ 0.030468640135401, -0.01066844841327 ], [ 0.030478895097938, -0.010657552515574 ], [ 0.030505173439441, -0.010621660146693 ], [ 0.030515428401978, -0.010605636767728 ], [ 0.030528888040309, -0.010585126842653 ], [ 0.030542988613798, -0.010557566630833 ], [ 0.030550038900542, -0.010546029797979 ], [ 0.030561575733397, -0.010524238002587 ], [ 0.03057375350141, -0.010505009947829 ], [ 0.030574372331564, -0.010506466018779 ], [ 0.030584649399106, -0.010530647354173 ], [ 0.030602595583547, -0.010562053176944 ], [ 0.030610927740609, -0.010576794685591 ], [ 0.030617978027353, -0.010588972453604 ], [ 0.030625028314098, -0.010600509286459 ], [ 0.030630155795366, -0.010611405184155 ], [ 0.030637206082111, -0.010624223887327 ], [ 0.030644256368855, -0.010637042590499 ], [ 0.030650024785283, -0.010646015682719 ], [ 0.030659638812662, -0.010665243737477 ], [ 0.030670534710358, -0.010692163014138 ], [ 0.030676944061944, -0.010706263587627 ], [ 0.03069232650575, -0.010729978188495 ], [ 0.03070129959797, -0.010743437826825 ], [ 0.030706427079239, -0.010751129048728 ], [ 0.030713477365983, -0.010769075233169 ], [ 0.030717963912093, -0.010778048325389 ], [ 0.030720527652728, -0.010781893936341 ], [ 0.030725014198838, -0.010785098612134 ], [ 0.030738473837168, -0.010790867028561 ], [ 0.030741678512961, -0.010794071704354 ], [ 0.030744242253596, -0.010797917315306 ], [ 0.030749369734865, -0.010804326666892 ], [ 0.030753856280975, -0.010808172277843 ], [ 0.030757060956768, -0.01080945414816 ], [ 0.030767315919305, -0.010813940694271 ], [ 0.030773084335732, -0.010815222564588 ], [ 0.030782698363111, -0.010816504434905 ], [ 0.030787184909222, -0.010814581629429 ], [ 0.030791671455332, -0.010815863499746 ], [ 0.030801926417869, -0.010819068175539 ], [ 0.030812822315565, -0.010819068175539 ], [ 0.03081987260231, -0.010818427240381 ], [ 0.030826922889054, -0.010817145370063 ], [ 0.030832050370323, -0.010817145370063 ], [ 0.03083781878675, -0.010819709110698 ], [ 0.030841023462543, -0.010820350045856 ], [ 0.030851919360239, -0.010824836591967 ], [ 0.030858328711825, -0.010827400332601 ], [ 0.030868583674363, -0.010827400332601 ], [ 0.03087435209079, -0.010826759397442 ], [ 0.030884607053328, -0.010827400332601 ], [ 0.030889734534596, -0.01082804126776 ], [ 0.030896784821341, -0.010829323138077 ], [ 0.030903835108085, -0.010830605008394 ], [ 0.030907039783878, -0.01083252781387 ], [ 0.030914090070623, -0.010833809684187 ], [ 0.03092434503316, -0.010833809684187 ], [ 0.030930113449588, -0.010833168749028 ], [ 0.030937804671491, -0.010835091554504 ], [ 0.030941650282442, -0.010835732489663 ], [ 0.03095190524498, -0.010837655295138 ], [ 0.030962801142676, -0.010836373424821 ], [ 0.030966005818469, -0.010833809684187 ], [ 0.030973697040372, -0.010831886878711 ], [ 0.030982029197434, -0.010829964073235 ], [ 0.030985874808385, -0.010825477527125 ], [ 0.030989720419337, -0.010817786305222 ], [ 0.030991002289654, -0.01080945414816 ], [ 0.030987156678702, -0.010797276380147 ], [ 0.030987156678702, -0.010789585158244 ], [ 0.030990361354495, -0.010780612066024 ], [ 0.03099292509513, -0.010770998038645 ], [ 0.030994206965447, -0.010761384011266 ], [ 0.030994847900606, -0.010758820270632 ], [ 0.030999975381874, -0.01075497465968 ], [ 0.031003820992826, -0.010752410919046 ], [ 0.031008948474095, -0.01074151502135 ], [ 0.031014075955363, -0.010739592215874 ], [ 0.031019844371791, -0.010738310345557 ], [ 0.031024971853059, -0.010737028475239 ], [ 0.031028817464011, -0.010735105669764 ], [ 0.031034585880438, -0.010731260058812 ], [ 0.031040995232024, -0.010730619123653 ], [ 0.031050609259403, -0.010732541929129 ], [ 0.031062146092258, -0.010729978188495 ], [ 0.031067273573527, -0.010726773512702 ], [ 0.031070478249319, -0.010724850707226 ], [ 0.031075605730588, -0.010724209772068 ], [ 0.031082015082174, -0.010723568836909 ], [ 0.031089706304077, -0.010717800420482 ], [ 0.031094192850187, -0.010715877615006 ], [ 0.031100602201773, -0.010715236679847 ], [ 0.031108934358835, -0.010713313874371 ], [ 0.031114702775262, -0.01070946826342 ], [ 0.031123034932324, -0.010702417976675 ], [ 0.03113393083002, -0.010701777041517 ], [ 0.031145467662875, -0.010697290495407 ], [ 0.031154664844008, -0.010692910885343 ], [ 0.031156363560571, -0.010694726754772 ], [ 0.031162131976998, -0.010699854236041 ], [ 0.031166791082574, -0.010702960306425 ], [ 0.031171746004377, -0.010706263587627 ], [ 0.031180078161439, -0.010710750133737 ], [ 0.031189692188818, -0.010717159485323 ], [ 0.031193831690481, -0.010722824066546 ], [ 0.031201869956831, -0.010733823799446 ], [ 0.031210202113893, -0.010743437826825 ], [ 0.031219816141272, -0.010751769983887 ], [ 0.03122494362254, -0.010755615594839 ], [ 0.031236480455395, -0.0107639477519 ], [ 0.031247376353091, -0.010773561779279 ], [ 0.031253785704677, -0.010781253001182 ], [ 0.031257631315629, -0.010788303287927 ], [ 0.031262117861739, -0.010798558250464 ], [ 0.031264681602373, -0.010808813213002 ], [ 0.031262117861739, -0.010817786305222 ], [ 0.031259554121104, -0.010822913786491 ], [ 0.031253144769518, -0.010831245943553 ], [ 0.031244812612457, -0.010844705581883 ], [ 0.031241607936664, -0.010853037738945 ], [ 0.031231993909285, -0.010862651766324 ], [ 0.031227507363175, -0.010867138312434 ], [ 0.031221098011589, -0.01087354766402 ], [ 0.03121595105439, -0.010879266505352 ], [ 0.031209561178734, -0.010886366367191 ], [ 0.031198645071974, -0.010900661268902 ], [ 0.031182641902073, -0.010921617800914 ], [ 0.031178630591547, -0.010927061722342 ], [ 0.031173668809853, -0.010933795568927 ], [ 0.03116597758795, -0.010942127725989 ], [ 0.031158286366047, -0.010951100818209 ], [ 0.03115400731693, -0.010956449629605 ], [ 0.031150595144144, -0.010960714845588 ], [ 0.031144826727716, -0.010968406067491 ], [ 0.031134571765179, -0.010988915992566 ], [ 0.03112944428391, -0.010997248149628 ], [ 0.031121753062007, -0.0110100668528 ], [ 0.031111498099469, -0.011024167426289 ], [ 0.031090347239236, -0.01105108670295 ], [ 0.031081374147016, -0.011061341665487 ], [ 0.031073041989954, -0.011072237563183 ], [ 0.031058300481306, -0.011088901877307 ], [ 0.031048045518769, -0.011098515904686 ], [ 0.031033304010121, -0.011113257413333 ], [ 0.031025612788218, -0.011122230505554 ], [ 0.031015998760839, -0.01113312640325 ], [ 0.031009909876832, -0.011140817625153 ], [ 0.030999334446716, -0.011153636328325 ], [ 0.030989079484178, -0.011163250355704 ], [ 0.030976901716165, -0.0111741462534 ], [ 0.030968569559103, -0.01118311934562 ], [ 0.030957673661407, -0.011193374308157 ], [ 0.03094741869887, -0.011202347400378 ], [ 0.030932036255063, -0.011215807038708 ], [ 0.030922422227685, -0.011222857325453 ], [ 0.030896143886182, -0.011241444445052 ], [ 0.03087435209079, -0.011257467824017 ], [ 0.03086160075171, -0.011263154231985 ], [ 0.030826922889054, -0.01127861868425 ], [ 0.030816875672898, -0.011284776655443 ], [ 0.030807053899138, -0.011290796452263 ], [ 0.030776929946684, -0.011299128609325 ], [ 0.030764111243512, -0.011303615155435 ], [ 0.030750010670023, -0.011304256090594 ], [ 0.030717322976935, -0.011310024507021 ], [ 0.030710071634274, -0.011310326646299 ], [ 0.030701940533129, -0.01131066544218 ], [ 0.030691044635433, -0.011311306377338 ], [ 0.030636885614531, -0.011312588247656 ], [ 0.030603236518705, -0.011313870117973 ], [ 0.030577599112362, -0.011315792923449 ], [ 0.030561851335515, -0.011318042605855 ], [ 0.030541706743481, -0.011320920404717 ], [ 0.030516069337137, -0.011321561339876 ], [ 0.030492995671427, -0.011323484145352 ], [ 0.030478228525373, -0.011324304542355 ], [ 0.030469922005718, -0.011324766015669 ], [ 0.030453898626753, -0.011325406950827 ], [ 0.030435952442313, -0.011322202275035 ], [ 0.030423133739141, -0.011322202275035 ], [ 0.0304051875547, -0.011321561339876 ], [ 0.030385959499942, -0.011321561339876 ], [ 0.030370577056136, -0.011322202275035 ], [ 0.030349426195903, -0.011323484145352 ], [ 0.030332120946621, -0.01132412508051 ], [ 0.030320263646187, -0.01132412508051 ], [ 0.03030968821607, -0.011324766015669 ], [ 0.030291101096471, -0.011325406950827 ], [ 0.030281487069092, -0.011325406950827 ], [ 0.030262899949493, -0.01132412508051 ], [ 0.030241108154101, -0.01132412508051 ], [ 0.030221239164184, -0.011326047885986 ], [ 0.030196883628158, -0.011327329756303 ], [ 0.030146890685787, -0.011330534432096 ], [ 0.030138485009693, -0.011331181022565 ], [ 0.030130226371664, -0.011331816302413 ], [ 0.030110998316906, -0.011331175367255 ], [ 0.030096897743417, -0.011330534432096 ], [ 0.030078310623818, -0.011329252561779 ], [ 0.03006913688429, -0.011328204134404 ], [ 0.030055877893267, -0.011326688821145 ], [ 0.030037290773668, -0.011325406950827 ], [ 0.030015498978276, -0.01132412508051 ], [ 0.03000460308058, -0.011323484145352 ], [ 0.029986656896139, -0.011323484145352 ], [ 0.029970633517174, -0.01132412508051 ], [ 0.029950764527258, -0.01132412508051 ], [ 0.029932177407659, -0.011323484145352 ], [ 0.02991807683417, -0.011323484145352 ], [ 0.029889875687192, -0.011320920404717 ], [ 0.029864879216007, -0.011318997599242 ], [ 0.029815349374586, -0.011313808758712 ] ] ] ] } },
{ "type": "Feature", "properties": { "eventname": "Angmar" }, "geometry": { "type": "MultiPolygon", "coordinates": [ [ [ [ 0.032154620070079, -0.008043818938833 ], [ 0.032285370842432, -0.007713096396999 ], [ 0.032344336877022, -0.007595164327818 ], [ 0.032372538024001, -0.007531070811959 ], [ 0.032428940317957, -0.00744390363039 ], [ 0.032503288796353, -0.007356736448821 ], [ 0.032590455977922, -0.007269569267253 ], [ 0.032690441862662, -0.00717983834505 ], [ 0.032787864006769, -0.007136254754266 ], [ 0.032918614779121, -0.007100362385384 ], [ 0.033057056773378, -0.007064470016503 ], [ 0.033172425101924, -0.007049087572697 ], [ 0.033287793430471, -0.007033705128891 ], [ 0.033418544202824, -0.007028577647622 ], [ 0.03353391253137, -0.007033705128891 ], [ 0.033646717119283, -0.007046523832063 ], [ 0.033723629338314, -0.007059342535234 ], [ 0.033869762554473, -0.007090107422847 ], [ 0.03400307706746, -0.007110617347922 ], [ 0.034123572877276, -0.007115744829191 ], [ 0.034215867540113, -0.007115744829191 ], [ 0.034387638162616, -0.007128563532362 ], [ 0.034497879009894, -0.007143945976169 ], [ 0.034605556116537, -0.007161892160609 ], [ 0.034713233223181, -0.007187529566953 ], [ 0.034805527886018, -0.0072208581952 ], [ 0.034905513770759, -0.007256750564081 ], [ 0.03508241187453, -0.007331099042478 ], [ 0.035213162646883, -0.007392628817703 ], [ 0.035305457309721, -0.007433648667853 ], [ 0.035623361148383, -0.007513124627518 ], [ 0.035707964589317, -0.007520815849421 ], [ 0.035738729476929, -0.007523379590056 ], [ 0.035787440548982, -0.007536198293227 ], [ 0.035846406583573, -0.007549016996399 ], [ 0.035884862693088, -0.007577218143377 ], [ 0.035931010024507, -0.007610546771624 ], [ 0.035956647430851, -0.007633620437334 ], [ 0.035995103540366, -0.007687458990655 ], [ 0.036018177206076, -0.007725915100171 ], [ 0.036030995909248, -0.00777206243159 ], [ 0.036041250871785, -0.007825900984911 ], [ 0.036043814612419, -0.007866920835061 ], [ 0.036036123390516, -0.007920759388383 ], [ 0.036028432168613, -0.007951524275995 ], [ 0.035989976059098, -0.008007926569952 ], [ 0.035969466134023, -0.008033563976295 ], [ 0.035923318802604, -0.008125858639133 ], [ 0.035895117655626, -0.008161751008014 ], [ 0.035874607730551, -0.008200207117529 ], [ 0.035820769177229, -0.008277119336561 ], [ 0.035792568030251, -0.008348904074323 ], [ 0.035800259252154, -0.008412997590182 ], [ 0.035805386733423, -0.008459144921601 ], [ 0.035810514214692, -0.00850529225302 ], [ 0.035805386733423, -0.008554003325073 ], [ 0.035774621845811, -0.008597586915857 ], [ 0.035731038255026, -0.00864629798791 ], [ 0.035677199701704, -0.008702700281866 ], [ 0.035620797407748, -0.008733465169479 ], [ 0.035456718007149, -0.008682190356791 ], [ 0.035333658456699, -0.008651425469179 ], [ 0.035220853868786, -0.008630915544104 ], [ 0.035097794318337, -0.008620660581566 ], [ 0.035077284393262, -0.008620660581566 ], [ 0.035036264543112, -0.008610405619029 ], [ 0.034923459955199, -0.008600150656491 ], [ 0.0347593805546, -0.008589895693954 ], [ 0.034708105741912, -0.008589895693954 ], [ 0.034544026341313, -0.008548875843804 ], [ 0.034318417165488, -0.008507855993654 ], [ 0.034133827839813, -0.008477091106042 ], [ 0.033959493476676, -0.008456581180967 ], [ 0.033641589638014, -0.008425816293354 ], [ 0.033364705649502, -0.008415561330817 ], [ 0.033159606398752, -0.008395051405742 ], [ 0.032975017073078, -0.008343776593054 ], [ 0.032831447597553, -0.008313011705442 ], [ 0.032698133084566, -0.008271991855292 ], [ 0.032503288796353, -0.008200207117529 ], [ 0.032154620070079, -0.008043818938833 ] ] ] ] } },
{ "type": "Feature", "properties": { "eventname": "Rhudaur" }, "geometry": { "type": "MultiPolygon", "coordinates": [ [ [ [ 0.032154620070079, -0.008043818938833 ], [ 0.032503288796353, -0.008200207117529 ], [ 0.032698133084566, -0.008271991855292 ], [ 0.032831447597553, -0.008313011705442 ], [ 0.032975017073078, -0.008343776593054 ], [ 0.033159606398752, -0.008395051405742 ], [ 0.033364705649502, -0.008415561330817 ], [ 0.033641589638014, -0.008425816293354 ], [ 0.033959493476676, -0.008456581180967 ], [ 0.034133827839813, -0.008477091106042 ], [ 0.034318417165488, -0.008507855993654 ], [ 0.034544026341313, -0.008548875843804 ], [ 0.034708105741912, -0.008589895693954 ], [ 0.0347593805546, -0.008589895693954 ], [ 0.034923459955199, -0.008600150656491 ], [ 0.035036264543112, -0.008610405619029 ], [ 0.035077284393262, -0.008620660581566 ], [ 0.035097794318337, -0.008620660581566 ], [ 0.035220853868786, -0.008630915544104 ], [ 0.035333658456699, -0.008651425469179 ], [ 0.035456718007149, -0.008682190356791 ], [ 0.035620797407748, -0.008733465169479 ], [ 0.035682327182973, -0.008805249907241 ], [ 0.035733601995661, -0.008836014794853 ], [ 0.035774621845811, -0.008877034645003 ], [ 0.035836151621035, -0.008938564420228 ], [ 0.035907936358798, -0.008979584270378 ], [ 0.035948956208948, -0.009051369008141 ], [ 0.035989976059098, -0.009092388858291 ], [ 0.036041250871785, -0.00913340870844 ], [ 0.036072015759398, -0.009153918633515 ], [ 0.036123290572085, -0.009194938483665 ], [ 0.036154055459697, -0.009235958333815 ], [ 0.036174565384772, -0.009276978183965 ], [ 0.03622584019746, -0.009441057584565 ], [ 0.036195075309847, -0.00950258735979 ], [ 0.03614380049716, -0.009594882022627 ], [ 0.036113035609548, -0.009646156835315 ], [ 0.03610278064701, -0.009805108754646 ], [ 0.036072015759398, -0.009892275936214 ], [ 0.03606176079686, -0.00990765838002 ], [ 0.036030995909248, -0.009979443117783 ], [ 0.036005358502904, -0.010051227855545 ], [ 0.035989976059098, -0.010092247705695 ], [ 0.035948956208948, -0.01011275763077 ], [ 0.035913063840067, -0.010123012593308 ], [ 0.035861789027379, -0.010123012593308 ], [ 0.035795131770886, -0.010123012593308 ], [ 0.035661817257898, -0.010081992743158 ], [ 0.035605414963942, -0.01007173778062 ], [ 0.035538757707448, -0.010081992743158 ], [ 0.035425953119536, -0.010097375186964 ], [ 0.035364423344311, -0.01011275763077 ], [ 0.035313148531624, -0.010158904962189 ], [ 0.035225981350055, -0.010225562218682 ], [ 0.035200343943711, -0.010256327106295 ], [ 0.035169579056099, -0.010307601918982 ], [ 0.035143941649755, -0.010384514138013 ], [ 0.035128559205949, -0.010430661469432 ], [ 0.035056774468187, -0.010497318725926 ], [ 0.03502730811123, -0.010509693214917 ], [ 0.034964479805349, -0.010538338576076 ], [ 0.034887567586318, -0.010584485907494 ], [ 0.0348414202549, -0.010656270645257 ], [ 0.03480040040475, -0.010692163014138 ], [ 0.034754253073331, -0.010728055383019 ], [ 0.034734068425511, -0.01075160413881 ], [ 0.034723488185719, -0.0107639477519 ], [ 0.034696682125758, -0.010805646067395 ], [ 0.0346773408543, -0.010835732489663 ], [ 0.034646575966687, -0.010876752339813 ], [ 0.034615811079075, -0.010912644708694 ], [ 0.034579918710194, -0.010958792040112 ], [ 0.034559408785119, -0.011020321815337 ], [ 0.034544026341313, -0.011097234034368 ], [ 0.034528643897506, -0.01113312640325 ], [ 0.034492751528625, -0.011184401215937 ], [ 0.03439020190325, -0.011271568397506 ], [ 0.034313289684219, -0.011338225653999 ], [ 0.034190230133769, -0.011404882910493 ], [ 0.034021023251901, -0.011512560017137 ], [ 0.033999374841863, -0.011521293880204 ], [ 0.033888990609231, -0.011566398570458 ], [ 0.033930010459381, -0.011535633682846 ], [ 0.033950520384456, -0.011484358870158 ], [ 0.033960775346993, -0.011443339020009 ], [ 0.033976157790799, -0.011381809244784 ], [ 0.033996667715874, -0.011345916875902 ], [ 0.034017177640949, -0.011320279469559 ], [ 0.034027432603487, -0.011294642063215 ], [ 0.034027432603487, -0.01127413213814 ], [ 0.034037687566024, -0.011181837475303 ], [ 0.034037687566024, -0.011161327550228 ], [ 0.034037687566024, -0.01111005273754 ], [ 0.034042815047293, -0.011074160368659 ], [ 0.034042815047293, -0.011048522962315 ], [ 0.034037687566024, -0.011012630593434 ], [ 0.034037687566024, -0.010981865705822 ], [ 0.034042815047293, -0.010945973336941 ], [ 0.034047942528562, -0.010899826005522 ], [ 0.034047942528562, -0.010869061117909 ], [ 0.034037687566024, -0.010817786305222 ], [ 0.034037687566024, -0.010776766455072 ], [ 0.034047942528562, -0.010740874086191 ], [ 0.034058197491099, -0.01070498171731 ], [ 0.034063324972368, -0.010674216829697 ], [ 0.034058197491099, -0.010633196979547 ], [ 0.034063324972368, -0.010602432091935 ], [ 0.034068452453637, -0.010571667204322 ], [ 0.034068452453637, -0.010546029797979 ], [ 0.034068452453637, -0.010494754985291 ], [ 0.034078707416174, -0.010469117578948 ], [ 0.034078707416174, -0.010443480172604 ], [ 0.034073579934906, -0.010422970247529 ], [ 0.034073579934906, -0.010351185509767 ], [ 0.03401850270027, -0.010296096209756 ], [ 0.033937266247877, -0.010245515022417 ], [ 0.0338120783902, -0.010217870996779 ], [ 0.033673636395944, -0.010187106109167 ], [ 0.033540280565429, -0.010161213043519 ], [ 0.033459044113036, -0.010125959488707 ], [ 0.033344086869084, -0.010102968039916 ], [ 0.033268565375713, -0.010099938927598 ], [ 0.033176270712876, -0.010099938927598 ], [ 0.033099358493845, -0.010120448852673 ], [ 0.032986553905932, -0.010176851146629 ], [ 0.032884004280557, -0.010238380921854 ], [ 0.032812219542795, -0.010289655734542 ], [ 0.032776198083961, -0.010315255750414 ], [ 0.032723770490909, -0.010181978627898 ], [ 0.032693005603297, -0.010115321371404 ], [ 0.032657113234416, -0.010017899227298 ], [ 0.032626348346803, -0.009966624414611 ], [ 0.032590455977922, -0.009915349601924 ], [ 0.032534053683966, -0.009823054939086 ], [ 0.032462268946203, -0.009741015238786 ], [ 0.03239561168971, -0.009669230501024 ], [ 0.032323826951947, -0.009566680875649 ], [ 0.032308444508141, -0.009489768656618 ], [ 0.032293062064335, -0.00932056177475 ], [ 0.032298189545604, -0.009233394593181 ], [ 0.03231357198941, -0.009135972449075 ], [ 0.032328954433216, -0.009012912898625 ], [ 0.032328954433216, -0.008905235791981 ], [ 0.032328954433216, -0.008741156391382 ], [ 0.032328954433216, -0.008633479284738 ], [ 0.032318699470679, -0.008500164771751 ], [ 0.03231357198941, -0.008443762477795 ], [ 0.032308444508141, -0.008397615146376 ], [ 0.032298189545604, -0.008346340333689 ], [ 0.032216149845304, -0.008141241082939 ], [ 0.032154620070079, -0.008043818938833 ] ] ] ] } },
{ "type": "Feature", "properties": { "eventname": "Cardolan" }, "geometry": { "type": "MultiPolygon", "coordinates": [ [ [ [ 0.032776198083961, -0.010315255750414 ], [ 0.032812219542795, -0.010289655734542 ], [ 0.032884004280557, -0.010238380921854 ], [ 0.032986553905932, -0.010176851146629 ], [ 0.033099358493845, -0.010120448852673 ], [ 0.033176270712876, -0.010099938927598 ], [ 0.033268565375713, -0.010099938927598 ], [ 0.033344086869084, -0.010102968039916 ], [ 0.033459044113036, -0.010125959488707 ], [ 0.033540280565429, -0.010161213043519 ], [ 0.033673636395944, -0.010187106109167 ], [ 0.0338120783902, -0.010217870996779 ], [ 0.033937266247877, -0.010245515022417 ], [ 0.03401850270027, -0.010296096209756 ], [ 0.034073579934906, -0.010351185509767 ], [ 0.034073579934906, -0.010422970247529 ], [ 0.034078707416174, -0.010443480172604 ], [ 0.034078707416174, -0.010469117578948 ], [ 0.034068452453637, -0.010494754985291 ], [ 0.034068452453637, -0.010546029797979 ], [ 0.034068452453637, -0.010571667204322 ], [ 0.034063324972368, -0.010602432091935 ], [ 0.034058197491099, -0.010633196979547 ], [ 0.034063324972368, -0.010674216829697 ], [ 0.034058197491099, -0.01070498171731 ], [ 0.034047942528562, -0.010740874086191 ], [ 0.034037687566024, -0.010776766455072 ], [ 0.034037687566024, -0.010817786305222 ], [ 0.034047942528562, -0.010869061117909 ], [ 0.034047942528562, -0.010899826005522 ], [ 0.034042815047293, -0.010945973336941 ], [ 0.034037687566024, -0.010981865705822 ], [ 0.034037687566024, -0.011012630593434 ], [ 0.034042815047293, -0.011048522962315 ], [ 0.034042815047293, -0.011074160368659 ], [ 0.034037687566024, -0.01111005273754 ], [ 0.034037687566024, -0.011161327550228 ], [ 0.034037687566024, -0.011181837475303 ], [ 0.034027432603487, -0.01127413213814 ], [ 0.034027432603487, -0.011294642063215 ], [ 0.034017177640949, -0.011320279469559 ], [ 0.033996667715874, -0.011345916875902 ], [ 0.033976157790799, -0.011381809244784 ], [ 0.033960775346993, -0.011443339020009 ], [ 0.033950520384456, -0.011484358870158 ], [ 0.033930010459381, -0.011535633682846 ], [ 0.033888990609231, -0.011566398570458 ], [ 0.033858225721618, -0.011586908495533 ], [ 0.033806950908931, -0.01160229093934 ], [ 0.033740293652437, -0.011648438270758 ], [ 0.033731348203556, -0.011654401903346 ], [ 0.033674930049554, -0.011692014006014 ], [ 0.033663381433406, -0.011699713083446 ], [ 0.033576214251838, -0.011750987896133 ], [ 0.033514684476613, -0.011786880265014 ], [ 0.033485211361931, -0.011801616822355 ], [ 0.033473664626463, -0.011807390190089 ], [ 0.033365987519819, -0.011879174927852 ], [ 0.033340528721338, -0.011896677851808 ], [ 0.033283947819519, -0.011935577221808 ], [ 0.033201908119219, -0.011991979515764 ], [ 0.033150633306532, -0.012022744403376 ], [ 0.033073721087501, -0.012084274178601 ], [ 0.033012191312276, -0.012140676472557 ], [ 0.03295578901832, -0.012191951285245 ], [ 0.032919896649439, -0.012227843654126 ], [ 0.03287374931802, -0.012273990985545 ], [ 0.032837856949139, -0.01233552076077 ], [ 0.032801964580258, -0.012397050535994 ], [ 0.032730179842495, -0.012489345198832 ], [ 0.032658395104733, -0.01253549253025 ], [ 0.032581482885702, -0.012591894824207 ], [ 0.032525080591746, -0.012648297118163 ], [ 0.032497239157843, -0.012671076473174 ], [ 0.032468678297789, -0.012694444449581 ], [ 0.032417403485102, -0.012730336818463 ], [ 0.032374153137302, -0.012756893658496 ], [ 0.032361001191146, -0.012766229187344 ], [ 0.032315612928485, -0.012782439281151 ], [ 0.032289216453383, -0.012791866593688 ], [ 0.032232814159427, -0.012817504000031 ], [ 0.032171284384202, -0.012868778812719 ], [ 0.03209949964644, -0.012930308587944 ], [ 0.032043097352484, -0.012976455919362 ], [ 0.03197644009599, -0.013022603250781 ], [ 0.031959021550898, -0.0130356671596 ], [ 0.03193542024584, -0.013053368138393 ], [ 0.031879961407658, -0.013093701838889 ], [ 0.031879017951884, -0.013094387988543 ], [ 0.031843125583003, -0.013135407838693 ], [ 0.031802105732853, -0.013176427688843 ], [ 0.031750830920166, -0.013232829982799 ], [ 0.031684173663672, -0.013299487239293 ], [ 0.031632898850985, -0.01335076205198 ], [ 0.031576496557028, -0.013396909383399 ], [ 0.031520094263072, -0.01343280175228 ], [ 0.031484201894191, -0.013468694121161 ], [ 0.031458564487847, -0.013499459008774 ], [ 0.031443182044041, -0.013535351377655 ], [ 0.031432927081504, -0.013591753671611 ], [ 0.031412417156429, -0.013632773521761 ], [ 0.031356014862472, -0.013699430778255 ], [ 0.031304740049785, -0.013730195665867 ], [ 0.031217572868216, -0.013771215516017 ], [ 0.031109895761573, -0.013812235366167 ], [ 0.031007346136198, -0.013848127735048 ], [ 0.030973846842019, -0.013864877382138 ], [ 0.030966326286048, -0.013868637660123 ], [ 0.030925306435898, -0.013909657510273 ], [ 0.030899669029554, -0.013940422397886 ], [ 0.030874031623211, -0.014012207135648 ], [ 0.030853521698136, -0.014078864392142 ], [ 0.030833011773061, -0.014150649129904 ], [ 0.030807374366717, -0.014191668980054 ], [ 0.030761227035298, -0.014278836161623 ], [ 0.030750972072761, -0.014319856011773 ], [ 0.030745844591492, -0.014381385786997 ], [ 0.030743955092436, -0.014388112491117 ], [ 0.030735589628955, -0.014442915562222 ], [ 0.030732362577381, -0.014447756139583 ], [ 0.03071507970388, -0.014473680449835 ], [ 0.030684314816267, -0.014530082743791 ], [ 0.030659562284033, -0.014613476243503 ], [ 0.030657718718693, -0.014613476243503 ], [ 0.030654769014147, -0.014614582382707 ], [ 0.030650713170397, -0.014618269513389 ], [ 0.030647763465852, -0.014621956644071 ], [ 0.03064407633517, -0.014626381200889 ], [ 0.030640757917557, -0.014631174470775 ], [ 0.03063817692608, -0.014634492888388 ], [ 0.030633383656194, -0.014640023584411 ], [ 0.030631540090853, -0.014641867149752 ], [ 0.030629696525512, -0.014643710715092 ], [ 0.030625271968694, -0.014650716263388 ], [ 0.030620847411876, -0.01465624695941 ], [ 0.030616791568126, -0.014661040229296 ], [ 0.030613841863581, -0.01466435864691 ], [ 0.030611629585172, -0.014667677064523 ], [ 0.030609417306763, -0.014671732908273 ], [ 0.03060609888915, -0.014677263604295 ], [ 0.030600568193127, -0.014683531726454 ], [ 0.030596881062445, -0.01468832499634 ], [ 0.030592825218696, -0.014694224405431 ], [ 0.030589506801082, -0.014697911536112 ], [ 0.030586557096537, -0.014700861240658 ], [ 0.030576233130628, -0.014711922632703 ], [ 0.030571071147674, -0.014716347189521 ], [ 0.030564065599379, -0.014721140459407 ], [ 0.030557428764152, -0.014725933729293 ], [ 0.030548948363584, -0.014731833138384 ], [ 0.03054378638063, -0.014734782842929 ], [ 0.030537886971539, -0.014739944825883 ], [ 0.030531987562449, -0.014745844234974 ], [ 0.030527563005631, -0.014751374930996 ], [ 0.030524982014154, -0.014755062061678 ], [ 0.030520926170404, -0.014760224044632 ], [ 0.030515764187449, -0.014764279888382 ], [ 0.030509864778359, -0.014767967019064 ], [ 0.030504702795405, -0.014771654149745 ], [ 0.030498803386314, -0.014775709993495 ], [ 0.03049364140336, -0.01477865969804 ], [ 0.030487373281201, -0.014781240689517 ], [ 0.030479999019838, -0.014785296533267 ], [ 0.030474837036883, -0.014788246237813 ], [ 0.030469306340861, -0.014792302081562 ], [ 0.030465250497111, -0.014795989212244 ], [ 0.030460457227225, -0.014799307629858 ], [ 0.030456401383475, -0.014802626047471 ], [ 0.030454189105066, -0.014803732186675 ], [ 0.030448289695975, -0.014807419317357 ], [ 0.030441652860749, -0.014812581300311 ], [ 0.030436859590862, -0.014815162291789 ], [ 0.030432066320976, -0.014817374570198 ], [ 0.030426535624954, -0.014820324274743 ], [ 0.030419898789727, -0.014823273979288 ], [ 0.03041731779825, -0.014824380118493 ], [ 0.030415474232909, -0.014825486257697 ], [ 0.030403675414728, -0.014833966658265 ], [ 0.030397776005637, -0.014839497354287 ], [ 0.030392245309615, -0.014845765476446 ], [ 0.030388558178933, -0.014849452607128 ], [ 0.03038118391757, -0.014856089442355 ], [ 0.030373440943138, -0.014861251425309 ], [ 0.03036901638632, -0.014863832416786 ], [ 0.030364591829502, -0.014866044695195 ], [ 0.03035906113348, -0.01486899439974 ], [ 0.030349843306776, -0.014871575391218 ], [ 0.030344681323821, -0.01487305024349 ], [ 0.030333251218708, -0.014876737374172 ], [ 0.030326245670413, -0.014878949652581 ], [ 0.030320714974391, -0.01488116193099 ], [ 0.030313340713027, -0.014884849061672 ], [ 0.030308178730073, -0.014887061340081 ], [ 0.030300435755642, -0.014890748470762 ], [ 0.030294167633483, -0.014894066888376 ], [ 0.03028679337212, -0.014898491445194 ], [ 0.030283474954506, -0.014900335010534 ], [ 0.030277206832347, -0.01490328471508 ], [ 0.030268357718712, -0.014907709271898 ], [ 0.030260246031212, -0.014911765115647 ], [ 0.03025250305678, -0.014914714820193 ], [ 0.030245497508485, -0.014917664524738 ], [ 0.030238860673258, -0.014920245516215 ], [ 0.030231855124963, -0.014923932646897 ], [ 0.030224849576668, -0.014927619777579 ], [ 0.030217475315305, -0.014932044334397 ], [ 0.030211575906214, -0.014936837604283 ], [ 0.030205676497124, -0.014941999587237 ], [ 0.030199039661897, -0.014947530283259 ], [ 0.030192034113602, -0.014952323553146 ], [ 0.030189084409056, -0.014954167118486 ], [ 0.030178023017011, -0.014961172666781 ], [ 0.030168805190307, -0.014965228510531 ], [ 0.030162905781217, -0.01496744078894 ], [ 0.030155900232922, -0.014970759206554 ], [ 0.030149632110763, -0.014974077624167 ], [ 0.030146313693149, -0.014976289902576 ], [ 0.030141151710195, -0.014980345746326 ], [ 0.030135989727241, -0.014984770303144 ], [ 0.030131933883491, -0.014988088720757 ], [ 0.030127878039741, -0.014991775851439 ], [ 0.030122716056787, -0.014995462982121 ], [ 0.030114604369287, -0.015000993678143 ], [ 0.030110548525537, -0.015003943382688 ], [ 0.030104280403379, -0.015008367939506 ], [ 0.030095062576675, -0.015013529922461 ], [ 0.030087319602243, -0.015016848340074 ], [ 0.030083263758493, -0.015019060618483 ], [ 0.030078470488607, -0.015022379036097 ], [ 0.030069990088039, -0.015028278445187 ], [ 0.030066302957358, -0.015031596862801 ], [ 0.030062247113608, -0.015035652706551 ], [ 0.030056347704517, -0.015043026967914 ], [ 0.030052660573836, -0.015047082811664 ], [ 0.030047498590881, -0.015050769942345 ], [ 0.030041967894859, -0.015054088359959 ], [ 0.030037174624973, -0.01505777549064 ], [ 0.030032012642019, -0.015061093908254 ], [ 0.030026850659064, -0.015063674899731 ], [ 0.030019845110769, -0.015066993317344 ], [ 0.03001173342327, -0.015070311734958 ], [ 0.03000767757952, -0.015071786587231 ], [ 0.030001778170429, -0.01507399886564 ], [ 0.029993666482929, -0.015076211144049 ], [ 0.029988873213043, -0.015078423422458 ], [ 0.029985923508498, -0.015080266987798 ], [ 0.029983342517021, -0.015081741840071 ], [ 0.029980392812476, -0.01508395411848 ], [ 0.02997744310793, -0.015087641249162 ], [ 0.029975230829521, -0.015090590953707 ], [ 0.029973018551112, -0.01509206580598 ], [ 0.029969700133499, -0.015093540658252 ], [ 0.029962694585204, -0.015096121649729 ], [ 0.029956057749977, -0.015098702641207 ], [ 0.029950895767022, -0.015100914919616 ], [ 0.029945365071, -0.015102758484956 ], [ 0.029941677940318, -0.015104233337229 ], [ 0.029939096948841, -0.015105339476433 ], [ 0.029933934965887, -0.015107920467911 ], [ 0.02993135397441, -0.015109026607115 ], [ 0.029925454565319, -0.015111607598592 ], [ 0.029918449017024, -0.01511603215541 ], [ 0.029914761886342, -0.015117507007683 ], [ 0.029910337329524, -0.015120456712228 ], [ 0.029901488215889, -0.015125987408251 ], [ 0.029894113954525, -0.015129305825864 ], [ 0.02988710840623, -0.015132255530409 ], [ 0.029881946423276, -0.015132992956546 ], [ 0.029876784440322, -0.015133361669614 ], [ 0.029864616909072, -0.015132992956546 ], [ 0.029856873934641, -0.015132992956546 ], [ 0.0298469186818, -0.015132992956546 ], [ 0.029839175707369, -0.015132992956546 ], [ 0.029829220454528, -0.015132992956546 ], [ 0.029820002627824, -0.015132624243478 ], [ 0.029810047374984, -0.015131518104273 ], [ 0.02979677370453, -0.015127462260523 ], [ 0.029788293303962, -0.015124512555978 ], [ 0.029777600624985, -0.015120456712228 ], [ 0.029772438642031, -0.015117507007683 ], [ 0.029767276659077, -0.015114926016206 ], [ 0.029761008536918, -0.015112345024729 ], [ 0.029754002988623, -0.015109395320183 ], [ 0.029749578431805, -0.015108657894047 ], [ 0.029742941596578, -0.015106814328706 ], [ 0.029736304761351, -0.015104602050297 ], [ 0.029731142778397, -0.015101652345752 ], [ 0.029727086934647, -0.015099440067343 ], [ 0.029724137230102, -0.015096859075866 ], [ 0.029714919403398, -0.015090959666775 ], [ 0.029708651281239, -0.015086535109957 ], [ 0.029701645732944, -0.015083585405412 ], [ 0.029686159784081, -0.015079160848594 ], [ 0.029679522948854, -0.015077685996321 ], [ 0.029676573244309, -0.015077317283253 ], [ 0.029656662738628, -0.015075473717912 ], [ 0.029647813624992, -0.015073630152571 ], [ 0.029641176789765, -0.015071417874162 ], [ 0.029635646093742, -0.01506994302189 ], [ 0.029627534406243, -0.015067730743481 ], [ 0.02962200371022, -0.015068099456549 ], [ 0.029614629448857, -0.015068099456549 ], [ 0.029606149048289, -0.015067362030413 ], [ 0.029598774786926, -0.01506588717814 ], [ 0.029588450821017, -0.015062937473595 ], [ 0.02957997042045, -0.015058881629845 ], [ 0.029577020715904, -0.015056669351436 ], [ 0.029572227446018, -0.015051138655413 ], [ 0.029566696749996, -0.015044870533255 ], [ 0.029564853184655, -0.015041920828709 ], [ 0.029563378332382, -0.0150397085503 ], [ 0.029558585062496, -0.015032334288937 ], [ 0.029556372784087, -0.01502569745371 ], [ 0.029554529218746, -0.015017585766211 ], [ 0.02955379179261, -0.015009105365643 ], [ 0.029552316940337, -0.015000624965075 ], [ 0.029550104661928, -0.014992144564507 ], [ 0.029547892383519, -0.014984401590076 ], [ 0.029544942678974, -0.014974815050304 ], [ 0.029542361687497, -0.014967072075872 ], [ 0.029539411982952, -0.014957854249168 ], [ 0.029536462278406, -0.014951954840077 ], [ 0.029532775147725, -0.014947161570191 ], [ 0.029527981877839, -0.014941999587237 ], [ 0.029522819894884, -0.014936468891214 ], [ 0.029518764051134, -0.014932781760533 ], [ 0.029514339494317, -0.014927619777579 ], [ 0.029509177511362, -0.014920614229283 ], [ 0.029505859093749, -0.014916189672465 ], [ 0.029503278102272, -0.01491323996792 ], [ 0.029498853545454, -0.014909921550307 ], [ 0.029494060275567, -0.014906234419625 ], [ 0.029490373144886, -0.014904022141216 ], [ 0.029485948588068, -0.014901809862807 ], [ 0.029483367596591, -0.014900335010534 ], [ 0.029480049178977, -0.014898122732125 ], [ 0.029477099474432, -0.014897754019057 ], [ 0.029472306204546, -0.014896279166785 ], [ 0.029464194517046, -0.014892223323035 ], [ 0.029456820255683, -0.014886692627012 ], [ 0.029452395698865, -0.014882636783263 ], [ 0.029447602428979, -0.01487710608724 ], [ 0.02944133430682, -0.014872312817354 ], [ 0.029435803610798, -0.014867519547468 ], [ 0.029431747767048, -0.014864201129854 ], [ 0.029425110931821, -0.0148590391469 ], [ 0.029420686375003, -0.014853877163946 ], [ 0.029417736670458, -0.014847977754855 ], [ 0.029415524392049, -0.014843553198037 ], [ 0.029412943400571, -0.014838391215083 ], [ 0.029411099835231, -0.014833597945197 ], [ 0.02940925626989, -0.014828067249174 ], [ 0.029408518843753, -0.014810737734971 ], [ 0.029409624982958, -0.014802257334403 ], [ 0.029411099835231, -0.014797095351449 ], [ 0.029411837261367, -0.01479488307304 ], [ 0.02941331211364, -0.014789721090085 ], [ 0.029414418252844, -0.014783452967926 ], [ 0.029415524392049, -0.014777922271904 ], [ 0.029415893105117, -0.014773497715086 ], [ 0.029415524392049, -0.01476464860145 ], [ 0.02941515567898, -0.014755799487814 ], [ 0.02941515567898, -0.014750268791792 ], [ 0.02941515567898, -0.014744369382701 ], [ 0.02941515567898, -0.014735888982133 ], [ 0.029415524392049, -0.014727408581566 ], [ 0.029416261818185, -0.014717453328725 ], [ 0.029417367957389, -0.014710816493498 ], [ 0.029418842809662, -0.014705654510544 ], [ 0.029418842809662, -0.014703442232135 ], [ 0.029420317661935, -0.014693118266226 ], [ 0.029421792514207, -0.01468832499634 ], [ 0.029421792514207, -0.014685744004863 ], [ 0.029421792514207, -0.014679475882704 ], [ 0.029421792514207, -0.014675788752023 ], [ 0.029421055088071, -0.014666939638387 ], [ 0.029419580235798, -0.014658827950887 ], [ 0.029418105383526, -0.014655140820205 ], [ 0.029414786965912, -0.014649978837251 ], [ 0.029410731122162, -0.014645554280433 ], [ 0.029405937852276, -0.014640761010547 ], [ 0.029400407156254, -0.014637073879865 ], [ 0.02939708873864, -0.014634492888388 ], [ 0.02939118932955, -0.014628593479298 ], [ 0.029387870911936, -0.014624537635548 ], [ 0.029383446355118, -0.014619744365662 ], [ 0.029381234076709, -0.014616425948048 ], [ 0.0293790217983, -0.014612738817367 ], [ 0.029374597241482, -0.014606839408276 ], [ 0.029370172684664, -0.014602414851458 ], [ 0.029368329119324, -0.014600202573049 ], [ 0.029364641988642, -0.014596884155436 ], [ 0.029360586144892, -0.014593197024754 ], [ 0.02935505544887, -0.014588403754868 ], [ 0.029349893465915, -0.014585085337254 ], [ 0.029345468909097, -0.014582135632709 ], [ 0.029339569500007, -0.014578079788959 ], [ 0.029336251082393, -0.014574392658278 ], [ 0.029333670090916, -0.014571074240664 ], [ 0.029331457812507, -0.014568124536119 ], [ 0.029329614247166, -0.014563699979301 ], [ 0.02932887682103, -0.014560381561687 ], [ 0.02932887682103, -0.014557063144074 ], [ 0.02932887682103, -0.01455374472646 ], [ 0.029329982960235, -0.014544526899756 ], [ 0.029331089099439, -0.014538258777598 ], [ 0.029331089099439, -0.01453383422078 ], [ 0.029330720386371, -0.014520191837258 ], [ 0.029329982960235, -0.014516135993508 ], [ 0.029329982960235, -0.014512817575894 ], [ 0.029327770681826, -0.014495856774759 ], [ 0.029325189690348, -0.0144895886526 ], [ 0.029322977411939, -0.014483689243509 ], [ 0.029321502559667, -0.014477052408282 ], [ 0.029321502559667, -0.014469678146919 ], [ 0.029322239985803, -0.014461197746351 ], [ 0.029322608698871, -0.014454560911124 ], [ 0.029322608698871, -0.014445711797488 ], [ 0.029322608698871, -0.014437231396921 ], [ 0.029323714838076, -0.014433912979307 ], [ 0.029326664542621, -0.014424695152603 ], [ 0.029330351673303, -0.014416214752035 ], [ 0.029333670090916, -0.01440920920374 ], [ 0.029336619795462, -0.014402941081581 ], [ 0.029342519204552, -0.014392985828741 ], [ 0.029346575048302, -0.014385980280446 ], [ 0.029349524752847, -0.014380449584423 ], [ 0.029353580596597, -0.014373444036128 ], [ 0.02935911129262, -0.014364594922492 ], [ 0.029362798423301, -0.014359432939538 ], [ 0.029367591693187, -0.014354270956584 ], [ 0.029370172684664, -0.014351689965107 ], [ 0.02937717823296, -0.01434505312988 ], [ 0.02938307764205, -0.014340259859994 ], [ 0.029390083190345, -0.014333991737835 ], [ 0.029393401607959, -0.014331042033289 ], [ 0.029396720025572, -0.01432698618954 ], [ 0.029400407156254, -0.014321086780449 ], [ 0.029403356860799, -0.014316662223631 ], [ 0.02940520042614, -0.014314449945222 ], [ 0.029408150130685, -0.014311500240677 ], [ 0.02941331211364, -0.014307075683859 ], [ 0.029415524392049, -0.01430486340545 ], [ 0.029416999244321, -0.014303019840109 ], [ 0.029422529940344, -0.014300438848632 ], [ 0.029424004792616, -0.014298963996359 ], [ 0.029434697471593, -0.014287902604314 ], [ 0.029439490741479, -0.014282371908292 ], [ 0.029442809159093, -0.014277578638406 ], [ 0.029447971142047, -0.014269098237838 ], [ 0.029450920846592, -0.014263567541816 ], [ 0.029454239264206, -0.014258405558861 ], [ 0.029459769960228, -0.014252874862839 ], [ 0.02946345709091, -0.014248819019089 ], [ 0.029466775508523, -0.014244025749203 ], [ 0.029471200065341, -0.01423665148784 ], [ 0.029474149769887, -0.014231489504885 ], [ 0.029475993335227, -0.014227064948067 ], [ 0.029477099474432, -0.014223009104317 ], [ 0.029477099474432, -0.014216740982159 ], [ 0.029476730761364, -0.014210841573068 ], [ 0.029475993335227, -0.014204204737841 ], [ 0.029474518482955, -0.014200148894091 ], [ 0.029472306204546, -0.014195724337273 ], [ 0.029470093926137, -0.014193512058864 ], [ 0.02946751293466, -0.014190562354319 ], [ 0.029466038082387, -0.014189087502046 ], [ 0.029458663821024, -0.014182081953751 ], [ 0.029456820255683, -0.01418023838841 ], [ 0.029454976690342, -0.014177288683865 ], [ 0.029452395698865, -0.014173970266252 ], [ 0.029450552133524, -0.014171389274775 ], [ 0.029449077281252, -0.014169545709434 ], [ 0.029445758863638, -0.014166596004888 ], [ 0.029443546585229, -0.014165121152616 ], [ 0.029435434897729, -0.014161802735002 ], [ 0.029432485193184, -0.014160696595798 ], [ 0.02942326736648, -0.014156640752048 ], [ 0.029418105383526, -0.014154428473639 ], [ 0.029412205974435, -0.01415221619523 ], [ 0.029407781417617, -0.014150372629889 ], [ 0.029400407156254, -0.01414816035148 ], [ 0.029393770321027, -0.014145948073071 ], [ 0.029388239625004, -0.01414410450773 ], [ 0.029381234076709, -0.01414410450773 ], [ 0.029374597241482, -0.014144473220799 ], [ 0.029370910110801, -0.014144841933867 ], [ 0.029367222980119, -0.014144841933867 ], [ 0.029364273275574, -0.014144841933867 ], [ 0.029358005153415, -0.014142998368526 ], [ 0.029353580596597, -0.014141892229321 ], [ 0.029350262178984, -0.014140417377049 ], [ 0.02934694376137, -0.014138573811708 ], [ 0.029345837622166, -0.014137836385572 ], [ 0.029343625343757, -0.014135992820231 ], [ 0.029339200786939, -0.014125668854322 ], [ 0.029338832073871, -0.014120506871368 ], [ 0.029339569500007, -0.014114607462277 ], [ 0.029342519204552, -0.014108708053187 ], [ 0.029345837622166, -0.014102808644096 ], [ 0.029348049900575, -0.014100227652619 ], [ 0.029353211883529, -0.014094696956596 ], [ 0.029355792875006, -0.014092115965119 ], [ 0.029356899014211, -0.014090641112847 ], [ 0.02935911129262, -0.014088428834438 ], [ 0.029363535849438, -0.014082160712279 ], [ 0.029370910110801, -0.014074417737847 ], [ 0.029377546946028, -0.014068518328757 ], [ 0.029381234076709, -0.014063725058871 ], [ 0.029386764772732, -0.014056719510576 ], [ 0.029393032894891, -0.01404787039694 ], [ 0.029395982599436, -0.014042708413985 ], [ 0.029398563590913, -0.014037177717963 ], [ 0.029400775869322, -0.014031278308872 ], [ 0.029404463, -0.014025010186714 ], [ 0.02940925626989, -0.014017267212282 ], [ 0.029412205974435, -0.014013211368532 ], [ 0.029415524392049, -0.014008418098646 ], [ 0.02941921152273, -0.014002149976487 ], [ 0.029422161227276, -0.013997725419669 ], [ 0.029426217071025, -0.013988876306033 ], [ 0.029431010340911, -0.013978921053193 ], [ 0.029434328758525, -0.013973021644102 ], [ 0.02943727846307, -0.01396749094808 ], [ 0.029439122028411, -0.013964541243535 ], [ 0.029440965593752, -0.013957904408308 ], [ 0.029442440446025, -0.013950898860013 ], [ 0.029443546585229, -0.013944999450922 ], [ 0.029444284011365, -0.01394131232024 ], [ 0.02944539015057, -0.013932463206604 ], [ 0.02944539015057, -0.013921770527628 ], [ 0.029444652724434, -0.013914764979333 ], [ 0.029443177872161, -0.01390923428331 ], [ 0.029440596880684, -0.01390112259581 ], [ 0.029439122028411, -0.013893748334447 ], [ 0.029437647176138, -0.01388305565547 ], [ 0.029436909750002, -0.013878262385584 ], [ 0.029435434897729, -0.013872731689562 ], [ 0.029433960045457, -0.013867938419676 ], [ 0.029431010340911, -0.013862407723653 ], [ 0.029427691923298, -0.013856877027631 ], [ 0.029425110931821, -0.013852821183881 ], [ 0.029419948948867, -0.013846553061722 ], [ 0.029414786965912, -0.013840284939563 ], [ 0.029412574687503, -0.013838072661154 ], [ 0.029411837261367, -0.013837335235018 ], [ 0.029404831713072, -0.013830329686723 ], [ 0.029401882008527, -0.013828486121382 ], [ 0.029392664181822, -0.013820374433883 ], [ 0.029390083190345, -0.013818530868542 ], [ 0.0293871334858, -0.013815949877065 ], [ 0.029382708928982, -0.013811894033315 ], [ 0.029376072093755, -0.013803044919679 ], [ 0.029369803971596, -0.01379677679752 ], [ 0.029366854267051, -0.013794195806043 ], [ 0.029362429710233, -0.013790508675361 ], [ 0.029359480005688, -0.013787927683884 ], [ 0.029352105744324, -0.013781290848657 ], [ 0.029347312474438, -0.013776497578771 ], [ 0.029343256630688, -0.013773179161158 ], [ 0.029340306926143, -0.01377059816968 ], [ 0.029337357221598, -0.013767648465135 ], [ 0.029329245534098, -0.013759905490704 ], [ 0.02932482097728, -0.013755480933886 ], [ 0.029322239985803, -0.013753268655477 ], [ 0.029318552855122, -0.013747737959454 ], [ 0.02931486572444, -0.013743313402636 ], [ 0.029313390872167, -0.013740363698091 ], [ 0.029310072454554, -0.013735201715137 ], [ 0.029306016610804, -0.013728196166842 ], [ 0.029303066906259, -0.013723034183887 ], [ 0.029299748488645, -0.013717134774797 ], [ 0.029297167497168, -0.013712710217979 ], [ 0.029295323931827, -0.01371049793957 ], [ 0.029289793235805, -0.013706073382752 ], [ 0.029286106105123, -0.013703123678206 ], [ 0.029283893826714, -0.013701648825934 ], [ 0.029282418974441, -0.013700173973661 ], [ 0.029277256991487, -0.013696118129911 ], [ 0.029272463721601, -0.013693537138434 ], [ 0.029270251443192, -0.01369243099923 ], [ 0.029269145303988, -0.013692062286162 ], [ 0.029265458173306, -0.013692062286162 ], [ 0.029262508468761, -0.01369243099923 ], [ 0.029256977772738, -0.013694274564571 ], [ 0.02925255321592, -0.01369648684298 ], [ 0.029249972224443, -0.013698699121389 ], [ 0.029245916380693, -0.01370238625207 ], [ 0.029241491823875, -0.013706810808888 ], [ 0.029236329840921, -0.013711604078774 ], [ 0.029230061718762, -0.013717503487865 ], [ 0.029226374588081, -0.013721190618547 ], [ 0.029222687457399, -0.013724877749228 ], [ 0.02922047517899, -0.013727090027637 ], [ 0.029217156761376, -0.013731145871387 ], [ 0.029208676360809, -0.013742944689568 ], [ 0.029203883090923, -0.013749212811727 ], [ 0.029199458534105, -0.013756955786158 ], [ 0.029195771403423, -0.013762855195249 ], [ 0.029191715559673, -0.013768017178203 ], [ 0.029185816150583, -0.013775391439567 ], [ 0.029181022880696, -0.013781290848657 ], [ 0.029176967036947, -0.013786452831612 ], [ 0.029172542480129, -0.013793089666838 ], [ 0.029169224062515, -0.013797882936725 ], [ 0.029165168218765, -0.013804151058883 ], [ 0.029161112375016, -0.013813000172519 ], [ 0.029158531383538, -0.013821480573087 ], [ 0.029156687818198, -0.013828117408314 ], [ 0.029153738113652, -0.013834385530473 ], [ 0.029150788409107, -0.0138410223657 ], [ 0.029147838704562, -0.013848027913995 ], [ 0.02914415157388, -0.013855402175358 ], [ 0.02914009573013, -0.01386314514979 ], [ 0.02913603988638, -0.013868675845812 ], [ 0.029131246616494, -0.013875681394107 ], [ 0.029129403051153, -0.013877893672516 ], [ 0.029126822059676, -0.013881949516266 ], [ 0.02911797294604, -0.013897066752061 ], [ 0.029113548389222, -0.013907022004901 ], [ 0.029110967397745, -0.01391329012706 ], [ 0.0291080176932, -0.013919926962287 ], [ 0.029106542840927, -0.013924351519105 ], [ 0.029105436701723, -0.013928776075923 ], [ 0.029102486997178, -0.013935781624218 ], [ 0.029099168579564, -0.013943524598649 ], [ 0.029096218875019, -0.01394942400774 ], [ 0.029094744022746, -0.013953111138422 ], [ 0.029092900457405, -0.013957904408308 ], [ 0.029090319465928, -0.013964909956603 ], [ 0.029087369761383, -0.013973759070239 ], [ 0.029085157482974, -0.01398150204467 ], [ 0.029083682630701, -0.013992194723647 ], [ 0.029082207778429, -0.01399956898501 ], [ 0.029079258073883, -0.014012105229328 ], [ 0.029077783221611, -0.014018373351487 ], [ 0.029074833517065, -0.014027222465122 ], [ 0.029072989951724, -0.014032384448077 ], [ 0.029070777673315, -0.014037915144099 ], [ 0.029068565394906, -0.014044183266258 ], [ 0.029065984403429, -0.014051557527621 ], [ 0.029062665985816, -0.014057456936712 ], [ 0.029058241428998, -0.014063725058871 ], [ 0.029056029150589, -0.014066306050348 ], [ 0.029051604593771, -0.014082898138415 ], [ 0.029047180036953, -0.014090641112847 ], [ 0.029042386767067, -0.014097646661142 ], [ 0.029033537653431, -0.014106495774778 ], [ 0.02902763824434, -0.014111289044664 ], [ 0.029021370122181, -0.014116451027618 ], [ 0.029011414869341, -0.014120506871368 ], [ 0.029000722190364, -0.014123087862845 ], [ 0.028988923372183, -0.014125668854322 ], [ 0.028979705545479, -0.014127512419663 ], [ 0.028971593857979, -0.014131199550345 ], [ 0.028964957022752, -0.014135992820231 ], [ 0.028960901179003, -0.014139679950912 ], [ 0.028956476622185, -0.014145579360003 ], [ 0.028953158204571, -0.014151478769094 ], [ 0.028950208500026, -0.014158115604321 ], [ 0.028947996221617, -0.014164752439548 ], [ 0.028946152656276, -0.014173232840115 ], [ 0.028946152656276, -0.014180607101479 ], [ 0.028946521369344, -0.014192037206592 ], [ 0.028947258795481, -0.014203098598637 ], [ 0.028947996221617, -0.014212316425341 ], [ 0.028948364934685, -0.014223009104317 ], [ 0.028948364934685, -0.014230014652613 ], [ 0.028948364934685, -0.014234439209431 ], [ 0.028946521369344, -0.014243657036135 ], [ 0.028942834238663, -0.014253612288975 ], [ 0.028938040968776, -0.014260986550338 ], [ 0.028933616411959, -0.014265779820224 ], [ 0.028927717002868, -0.014270941803179 ], [ 0.028918867889232, -0.014276841212269 ], [ 0.028911862340937, -0.014281265769087 ], [ 0.028906700357983, -0.014283846760565 ], [ 0.028903013227301, -0.014285321612837 ], [ 0.028897851244347, -0.014287533891246 ], [ 0.028882734008552, -0.014293433300337 ], [ 0.028872778755711, -0.014296014291814 ], [ 0.028865773207416, -0.014299701422496 ], [ 0.028859136372189, -0.014302282413973 ], [ 0.028848074980144, -0.014305969544654 ], [ 0.02883885715344, -0.014307444396927 ], [ 0.028828164474464, -0.0143089192492 ], [ 0.028819684073896, -0.0143089192492 ], [ 0.028810097534124, -0.014308550536131 ], [ 0.028801617133556, -0.014308181823063 ], [ 0.028790555741511, -0.014306338257723 ], [ 0.028780231775602, -0.014303019840109 ], [ 0.028774332366512, -0.0143008075617 ], [ 0.028768801670489, -0.014298595283291 ], [ 0.028761058696058, -0.014295645578746 ], [ 0.028752947008558, -0.014292327161132 ], [ 0.028748891164808, -0.014289746169655 ], [ 0.028744097894922, -0.014286059038973 ], [ 0.028735617494355, -0.014277947351474 ], [ 0.0287304555114, -0.014272416655451 ], [ 0.028725662241514, -0.014267623385565 ], [ 0.028721975110832, -0.014262461402611 ], [ 0.028719394119355, -0.014258405558861 ], [ 0.028717181840946, -0.014253981002043 ], [ 0.028714600849469, -0.014247344166816 ], [ 0.028713125997197, -0.01424255089693 ], [ 0.028712757284128, -0.014237388913976 ], [ 0.028712757284128, -0.01422853980034 ], [ 0.028712757284128, -0.014223746530454 ], [ 0.028713125997197, -0.014218215834431 ], [ 0.028714232136401, -0.014211210286136 ], [ 0.028714969562537, -0.014203836024773 ], [ 0.028714969562537, -0.014199780181023 ], [ 0.028714600849469, -0.014185031658297 ], [ 0.028714600849469, -0.014179132249206 ], [ 0.028715338275606, -0.014169914422502 ], [ 0.028715706988674, -0.014165858578752 ], [ 0.02871644441481, -0.014162540161139 ], [ 0.02871644441481, -0.014155534612844 ], [ 0.028717181840946, -0.014146316786139 ], [ 0.028718287980151, -0.014133043115686 ], [ 0.028719025406287, -0.014116451027618 ], [ 0.028719762832423, -0.014103177357164 ], [ 0.028720131545492, -0.014092853391256 ], [ 0.02872050025856, -0.014084372990688 ], [ 0.028720868971628, -0.014069993181029 ], [ 0.028721237684696, -0.014060037928189 ], [ 0.028722343823901, -0.01404971396228 ], [ 0.028722712536969, -0.014041970987849 ], [ 0.028723818676173, -0.014030540882736 ], [ 0.02872455610231, -0.014019479490691 ], [ 0.02872455610231, -0.014015054933873 ], [ 0.02872455610231, -0.014010999090123 ], [ 0.028723818676173, -0.014002887402624 ], [ 0.028722712536969, -0.013994407002056 ], [ 0.028720868971628, -0.013988138879897 ], [ 0.028717919267083, -0.013980027192398 ], [ 0.028714969562537, -0.013973021644102 ], [ 0.02871238857106, -0.013966016095807 ], [ 0.028709807579583, -0.01395753569524 ], [ 0.028708701440379, -0.013952373712285 ], [ 0.028707226588106, -0.013946474303195 ], [ 0.02870648916197, -0.013943524598649 ], [ 0.028704645596629, -0.013935781624218 ], [ 0.028704276883561, -0.013933200632741 ], [ 0.02870243331822, -0.013919558249219 ], [ 0.028700589752879, -0.013911446561719 ], [ 0.028699852326743, -0.013904809726492 ], [ 0.028699114900606, -0.013896329325924 ], [ 0.028699114900606, -0.013890429916834 ], [ 0.028699483613674, -0.013884899220811 ], [ 0.028700221039811, -0.013879368524789 ], [ 0.028700221039811, -0.013872731689562 ], [ 0.028700589752879, -0.01386498871513 ], [ 0.028701695892083, -0.013857245740699 ], [ 0.028702064605152, -0.013851715044677 ], [ 0.02870243331822, -0.013844340783313 ], [ 0.028703539457424, -0.01383696652195 ], [ 0.028705383022765, -0.013828486121382 ], [ 0.02870648916197, -0.013820743146951 ], [ 0.028706857875038, -0.013812262746383 ], [ 0.028707964014242, -0.013803782345815 ], [ 0.028707964014242, -0.013801201354338 ], [ 0.028707964014242, -0.013796408084452 ], [ 0.028707964014242, -0.013791983527634 ], [ 0.028708701440379, -0.013784240553203 ], [ 0.028710913718788, -0.013771704308885 ], [ 0.028711282431856, -0.013765436186726 ], [ 0.028711651144924, -0.013761011629908 ], [ 0.028712757284128, -0.013754743507749 ], [ 0.028714232136401, -0.013750687664 ], [ 0.028714600849469, -0.013749212811727 ], [ 0.028717181840946, -0.013734464289 ], [ 0.028719025406287, -0.013728933592978 ], [ 0.028721606397764, -0.013724140323092 ], [ 0.028724924815378, -0.013719715766274 ], [ 0.028727874519923, -0.013716028635592 ], [ 0.028731192937537, -0.013712341504911 ], [ 0.028736723633559, -0.013707548235024 ], [ 0.028740779477309, -0.013704229817411 ], [ 0.02874446660799, -0.013701280112866 ], [ 0.028751472156286, -0.013696855556048 ], [ 0.028758108991513, -0.013690956146957 ], [ 0.028762902261399, -0.013686162877071 ], [ 0.028769907809694, -0.013678051189571 ], [ 0.028774332366512, -0.013673626632753 ], [ 0.028777650784125, -0.013669202075935 ], [ 0.028782075340943, -0.013663671379913 ], [ 0.028785025045488, -0.013659984249231 ], [ 0.028791293167647, -0.013652609987868 ], [ 0.028794611585261, -0.013649291570255 ], [ 0.02879682386367, -0.013647079291846 ], [ 0.028805304264237, -0.013637861465142 ], [ 0.028807147829578, -0.013635649186733 ], [ 0.028809728821055, -0.013632699482187 ], [ 0.02881489080401, -0.013626800073097 ], [ 0.028816365656282, -0.013625325220824 ], [ 0.028818577934691, -0.013622375516279 ], [ 0.028819315360828, -0.013620531950938 ], [ 0.0288207902131, -0.013617582246392 ], [ 0.028823371204578, -0.013611682837302 ], [ 0.028825214769918, -0.013605783428211 ], [ 0.028827058335259, -0.013600621445257 ], [ 0.028831114179009, -0.013588453914008 ], [ 0.028833695170486, -0.013582554504917 ], [ 0.028836644875031, -0.013577023808894 ], [ 0.028838119727304, -0.013572967965145 ], [ 0.028841069431849, -0.013558956868554 ], [ 0.02884291299719, -0.013551951320259 ], [ 0.028844019136395, -0.013546051911169 ], [ 0.028845493988667, -0.013538308936737 ], [ 0.028845493988667, -0.013532409527647 ], [ 0.028845493988667, -0.013524297840147 ], [ 0.028844756562531, -0.013519135857193 ], [ 0.028842175571054, -0.013511392882761 ], [ 0.028840700718781, -0.013504756047534 ], [ 0.028839963292645, -0.013498487925376 ], [ 0.028834801309691, -0.013487057820263 ], [ 0.028832220318213, -0.013477102567422 ], [ 0.028831114179009, -0.013469728306059 ], [ 0.028830008039804, -0.013466409888445 ], [ 0.028828533187532, -0.013458666914014 ], [ 0.0288289019006, -0.013448342948105 ], [ 0.028830008039804, -0.01344133739981 ], [ 0.028832220318213, -0.013433594425379 ], [ 0.028835907448895, -0.013425482737879 ], [ 0.028840700718781, -0.013418108476516 ], [ 0.028846231414804, -0.013411471641289 ], [ 0.028849918545485, -0.013407415797539 ], [ 0.028854711815371, -0.013403728666857 ], [ 0.028862086076735, -0.013397829257767 ], [ 0.028865773207416, -0.013394879553222 ], [ 0.028870935190371, -0.013389348857199 ], [ 0.028873516181848, -0.013384924300381 ], [ 0.028875728460257, -0.013379762317427 ], [ 0.028877203312529, -0.013374600334473 ], [ 0.02887904687787, -0.013366488646973 ], [ 0.028879784304007, -0.013351371411178 ], [ 0.028880521730143, -0.013343628436747 ], [ 0.028881627869347, -0.013340310019133 ], [ 0.028882734008552, -0.01333699160152 ], [ 0.028883840147756, -0.013332567044702 ], [ 0.028888633417643, -0.013317081095839 ], [ 0.028890845696051, -0.013309338121408 ], [ 0.028893795400597, -0.01330085772084 ], [ 0.028896007679006, -0.013287952763454 ], [ 0.02889711381821, -0.01327873493675 ], [ 0.02889711381821, -0.013272098101523 ], [ 0.028897851244347, -0.013262142848683 ], [ 0.028897851244347, -0.013255137300387 ], [ 0.028897851244347, -0.013247394325956 ], [ 0.028897851244347, -0.013242232343002 ], [ 0.028896745105142, -0.013234120655502 ], [ 0.028895270252869, -0.013224902828798 ], [ 0.028894532826733, -0.013222321837321 ], [ 0.028892689261392, -0.01321642242823 ], [ 0.028888264704574, -0.013203886183913 ], [ 0.028884946286961, -0.013195405783345 ], [ 0.028880890443211, -0.013186187956641 ], [ 0.028878309451734, -0.01318028854755 ], [ 0.028876097173325, -0.013174757851528 ], [ 0.028872778755711, -0.01316627745096 ], [ 0.028868354198894, -0.013157059624256 ], [ 0.02886503578128, -0.013147841797552 ], [ 0.028863192215939, -0.01313825525778 ], [ 0.02886097993753, -0.013129037431075 ], [ 0.028858398946053, -0.013119082178235 ], [ 0.028858030232985, -0.013106545933917 ], [ 0.028857661519917, -0.013098434246418 ], [ 0.028857292806849, -0.013092166124259 ], [ 0.028857292806849, -0.013087741567441 ], [ 0.02885692409378, -0.013075205323124 ], [ 0.02885692409378, -0.013069674627101 ], [ 0.028858030232985, -0.01306377521801 ], [ 0.028859136372189, -0.013058244521988 ], [ 0.028859505085258, -0.013052713825966 ], [ 0.028860242511394, -0.013047920556079 ], [ 0.028863929642076, -0.013036859164034 ], [ 0.028865404494348, -0.013033540746421 ], [ 0.028867616772757, -0.013029484902671 ], [ 0.028870566477302, -0.013023216780512 ], [ 0.028874622321052, -0.013017317371422 ], [ 0.028876834599461, -0.013013261527672 ], [ 0.028880153017075, -0.013008836970854 ], [ 0.028890476982983, -0.012996300726536 ], [ 0.028894532826733, -0.012992613595855 ], [ 0.028897851244347, -0.012987820325969 ], [ 0.028901907088096, -0.012982289629946 ], [ 0.028906700357983, -0.012974915368583 ], [ 0.02890928134946, -0.012970490811765 ], [ 0.028911493627869, -0.012965697541879 ], [ 0.028916286897755, -0.012956479715175 ], [ 0.0289192366023, -0.012950211593016 ], [ 0.028924767298323, -0.012941731192448 ], [ 0.028930297994345, -0.012934356931085 ], [ 0.028932878985822, -0.01293140722654 ], [ 0.028934722551163, -0.012928826235062 ], [ 0.028939147107981, -0.01292329553904 ], [ 0.028941728099458, -0.012920345834495 ], [ 0.028943940377867, -0.012918133556086 ], [ 0.028946152656276, -0.01291518385154 ], [ 0.028947627508549, -0.012911496720859 ], [ 0.028949839786958, -0.012906703450973 ], [ 0.028953526917639, -0.012900435328814 ], [ 0.028956107909116, -0.01289527334586 ], [ 0.028957951474457, -0.01289121750211 ], [ 0.028962007318207, -0.012885318093019 ], [ 0.028968275440366, -0.012875731553247 ], [ 0.028971593857979, -0.012871306996429 ], [ 0.028974543562525, -0.012865407587338 ], [ 0.028976755840934, -0.012858770752111 ], [ 0.028978968119343, -0.012852871343021 ], [ 0.028980811684683, -0.012845865794726 ], [ 0.028982655250024, -0.012839597672567 ], [ 0.028983761389229, -0.012835173115749 ], [ 0.028985973667638, -0.012828167567454 ], [ 0.028990398224456, -0.012813787757795 ], [ 0.028990398224456, -0.012804938644159 ], [ 0.028990029511388, -0.01279682695666 ], [ 0.028989660798319, -0.01278465942541 ], [ 0.028989660798319, -0.01278356483635 ], [ 0.029012755922658, -0.012750846743538 ], [ 0.02902281216588, -0.012664097918421 ], [ 0.029094795622957, -0.012597022305475 ], [ 0.029140942954376, -0.012581639861669 ], [ 0.029181962804526, -0.012581639861669 ], [ 0.029202472729601, -0.012586767342938 ], [ 0.029217855173407, -0.012591894824207 ], [ 0.029238365098482, -0.012597022305475 ], [ 0.029274257467363, -0.012597022305475 ], [ 0.029310149836245, -0.012591894824207 ], [ 0.02937167961147, -0.012591894824207 ], [ 0.029428081905426, -0.012591894824207 ], [ 0.029458846793038, -0.012602149786744 ], [ 0.0295306315308, -0.01261753223055 ], [ 0.029581906343488, -0.012622659711819 ], [ 0.029648563599982, -0.012612404749282 ], [ 0.029704965893938, -0.012607277268013 ], [ 0.029771623150431, -0.012602149786744 ], [ 0.029853662850731, -0.012602149786744 ], [ 0.029915192625956, -0.012591894824207 ], [ 0.029961339957375, -0.012571384899132 ], [ 0.029986977363719, -0.012540620011519 ], [ 0.030002359807525, -0.012525237567713 ], [ 0.030027997213868, -0.012494472680101 ], [ 0.030069017064018, -0.012443197867413 ], [ 0.030110036914168, -0.012381668092188 ], [ 0.030156184245587, -0.012320138316963 ], [ 0.030202331577006, -0.012289373429351 ], [ 0.030253606389693, -0.012268863504276 ], [ 0.030320263646187, -0.012243226097932 ], [ 0.030376665940143, -0.012217588691589 ], [ 0.030417685790293, -0.012181696322707 ], [ 0.030448450677905, -0.012145803953826 ], [ 0.030499725490593, -0.012068891734795 ], [ 0.030525362896936, -0.012032999365914 ], [ 0.030561255265818, -0.011976597071958 ], [ 0.030622785041042, -0.011894557371658 ], [ 0.030679187334999, -0.011848410040239 ], [ 0.030725334666417, -0.011822772633895 ], [ 0.030791991922911, -0.011786880265014 ], [ 0.030843266735598, -0.011745860414864 ], [ 0.03087915910448, -0.011658693233296 ], [ 0.030889414067017, -0.011633055826952 ], [ 0.030909923992092, -0.011586908495533 ], [ 0.030950943842242, -0.011530506201577 ], [ 0.030976581248586, -0.011499741313965 ], [ 0.031022728580004, -0.011422829094934 ], [ 0.031058620948885, -0.011386936726052 ], [ 0.031099640799035, -0.01135617183844 ], [ 0.03116117057426, -0.01131515198829 ], [ 0.031212445386948, -0.01127413213814 ], [ 0.031258592718366, -0.01123311228799 ], [ 0.031289357605979, -0.01119209243784 ], [ 0.031309867531054, -0.01115107258769 ], [ 0.031320122493591, -0.011115180218809 ], [ 0.031294485087248, -0.011043395481047 ], [ 0.031279102643441, -0.011033140518509 ], [ 0.031197062943142, -0.011002375630897 ], [ 0.03115400731693, -0.010956449629605 ], [ 0.031158286366047, -0.010951100818209 ], [ 0.031178630591547, -0.010927061722342 ], [ 0.031198645071974, -0.010900661268902 ], [ 0.031209561178734, -0.010886366367191 ], [ 0.03121595105439, -0.010879266505352 ], [ 0.031231993909285, -0.010862651766324 ], [ 0.031241607936664, -0.010853037738945 ], [ 0.031244812612457, -0.010844705581883 ], [ 0.031259554121104, -0.010822913786491 ], [ 0.031262117861739, -0.010817786305222 ], [ 0.031264681602373, -0.010808813213002 ], [ 0.031262117861739, -0.010798558250464 ], [ 0.031253785704677, -0.010781253001182 ], [ 0.031236480455395, -0.0107639477519 ], [ 0.03122494362254, -0.010755615594839 ], [ 0.031210202113893, -0.010743437826825 ], [ 0.031201869956831, -0.010733823799446 ], [ 0.031193831690481, -0.010722824066546 ], [ 0.031180078161439, -0.010710750133737 ], [ 0.031166791082574, -0.010702960306425 ], [ 0.031156363560571, -0.010694726754772 ], [ 0.03114818914754, -0.010685988589118 ], [ 0.031137776440972, -0.010674857764856 ], [ 0.031129270432518, -0.010652013328789 ], [ 0.0311249577378, -0.010635119785023 ], [ 0.0311249577378, -0.010628069498279 ], [ 0.031125598672958, -0.010612687054472 ], [ 0.0311249577378, -0.010603713962252 ], [ 0.031123034932324, -0.010597945545825 ], [ 0.031117907451055, -0.010578717491067 ], [ 0.031115343710421, -0.010566539723054 ], [ 0.031113741372524, -0.010551157279247 ], [ 0.031113420904945, -0.010540261381551 ], [ 0.031108833217044, -0.010523709694184 ], [ 0.031105088747883, -0.010512060234573 ], [ 0.031095474720505, -0.010490268439181 ], [ 0.031090988174394, -0.010473604125058 ], [ 0.031086501628284, -0.010462708227362 ], [ 0.03108106418657, -0.010456183297305 ], [ 0.031067273573527, -0.010444121107763 ], [ 0.031054454870355, -0.010429379599115 ], [ 0.031046763648452, -0.010390923489599 ], [ 0.031172707407115, -0.010312729400251 ], [ 0.031282948254393, -0.010271709550101 ], [ 0.031429081470552, -0.010248635884392 ], [ 0.031562395983539, -0.01025376336566 ], [ 0.03166238186828, -0.010261454587564 ], [ 0.031759804012386, -0.010297346956445 ], [ 0.031900809747276, -0.010348621769132 ], [ 0.032021305557092, -0.010369131694207 ], [ 0.032241787251648, -0.010371695434842 ], [ 0.032605838421728, -0.010351185509767 ], [ 0.032776198083961, -0.010315255750414 ] ] ] ] } },
{ "type": "Feature", "properties": { "eventname": "Enedwaith" }, "geometry": { "type": "MultiPolygon", "coordinates": [ [ [ [ 0.030659562284033, -0.014613476243503 ], [ 0.030657718718693, -0.014613476243503 ], [ 0.03067045837407, -0.01454123065438 ], [ 0.030732362577381, -0.014447756139583 ], [ 0.030743955092436, -0.014388112491117 ], [ 0.030761227035298, -0.014278836161623 ], [ 0.030833011773061, -0.014150649129904 ], [ 0.030899669029554, -0.013940422397886 ], [ 0.030973846842019, -0.013864877382138 ], [ 0.031356014862472, -0.013699430778255 ], [ 0.031419716586301, -0.013618438523785 ], [ 0.031458564487847, -0.013499459008774 ], [ 0.031520094263072, -0.01343280175228 ], [ 0.031576496557028, -0.013396909383399 ], [ 0.031750830920166, -0.013232829982799 ], [ 0.031879961407658, -0.013093701838889 ], [ 0.031959021550898, -0.0130356671596 ], [ 0.032176120312816, -0.012886533703391 ], [ 0.032315612928485, -0.012782439281151 ], [ 0.032374153137302, -0.012756893658496 ], [ 0.032497239157843, -0.012671076473174 ], [ 0.032607913533216, -0.012573151862581 ], [ 0.032680389463827, -0.012539976260541 ], [ 0.032725559321989, -0.012550311736561 ], [ 0.032725304125051, -0.012550184138092 ], [ 0.032882161435265, -0.012558777599277 ], [ 0.032963402868924, -0.012538955472786 ], [ 0.03296416845974, -0.012537934685031 ], [ 0.033066421775255, -0.01255063093208 ], [ 0.033067707519212, -0.012550535298232 ], [ 0.033287891012669, -0.012534235655592 ], [ 0.033288594536279, -0.012534183717608 ], [ 0.033421991767894, -0.012549163350337 ], [ 0.033443938704628, -0.012570599893194 ], [ 0.033516414635239, -0.012625722431968 ], [ 0.033519829547614, -0.012630922412175 ], [ 0.033561329296463, -0.012694115211558 ], [ 0.033586699783724, -0.012713018711871 ], [ 0.033613389471972, -0.012732905146252 ], [ 0.033676678312787, -0.012729842782986 ], [ 0.033710364308705, -0.012724738844211 ], [ 0.03377365314952, -0.012713510178905 ], [ 0.033801214418907, -0.012724738844211 ], [ 0.033927792100537, -0.012689011272783 ], [ 0.03395841573319, -0.012702281513599 ], [ 0.033996184880128, -0.012724738844211 ], [ 0.033998481652577, -0.012726270025844 ], [ 0.034033954027066, -0.012747196174823 ], [ 0.034061515296453, -0.012767611929924 ], [ 0.034112554684207, -0.012771695080945 ], [ 0.034178905888288, -0.012775778231965 ], [ 0.034256485757674, -0.012795173199312 ], [ 0.034333044839305, -0.01283294234625 ], [ 0.034358054139305, -0.012841874239107 ], [ 0.034424915737262, -0.012862545191147 ], [ 0.034428743691344, -0.012864331569718 ], [ 0.034532098451546, -0.012887044097269 ], [ 0.034554555782158, -0.012908225443187 ], [ 0.034569867598484, -0.012920730093187 ], [ 0.034618865410728, -0.012938083485023 ], [ 0.034731152063787, -0.012960540815635 ], [ 0.034686237402563, -0.012997289174818 ], [ 0.034653572194401, -0.01301770492992 ], [ 0.034571909173994, -0.013103451101346 ], [ 0.034559659720933, -0.013201446725834 ], [ 0.034551493418893, -0.01326677714216 ], [ 0.034473913549506, -0.013340273860525 ], [ 0.034416749435222, -0.013372939068688 ], [ 0.03427383914951, -0.013405604276851 ], [ 0.034224841337266, -0.013434186333993 ], [ 0.034155427769921, -0.013479100995217 ], [ 0.034106429957677, -0.01352401565644 ], [ 0.034135012014819, -0.013585262921745 ], [ 0.034253423394409, -0.013658759640111 ], [ 0.034094180504616, -0.013724090056436 ], [ 0.034004351182169, -0.013703674301335 ], [ 0.033873690349518, -0.013781254170721 ], [ 0.033743029516868, -0.013842501436026 ], [ 0.033620534986258, -0.013981328570717 ], [ 0.033722613761766, -0.014058908440103 ], [ 0.033816526235233, -0.014050742138063 ], [ 0.033836941990335, -0.014103823101327 ], [ 0.033804276782172, -0.014132405158469 ], [ 0.033747112667888, -0.01414465461153 ], [ 0.033689948553603, -0.01413648830949 ], [ 0.033632784439319, -0.014205901876835 ], [ 0.033632784439319, -0.014254899689079 ], [ 0.033677699100542, -0.014316146954384 ], [ 0.033706281157685, -0.014340645860506 ], [ 0.033763445271969, -0.014356978464587 ], [ 0.033841025141355, -0.014397809974791 ], [ 0.033812443084213, -0.014401893125811 ], [ 0.033743029516868, -0.014446807787035 ], [ 0.033751195818908, -0.014524387656421 ], [ 0.033759362120949, -0.014618300129888 ], [ 0.033816526235233, -0.014606050676827 ], [ 0.033967602822986, -0.01463463273397 ], [ 0.033947187067884, -0.014650965338051 ], [ 0.03389410610462, -0.014675464244173 ], [ 0.033816526235233, -0.01475712726458 ], [ 0.033747112667888, -0.014724462056417 ], [ 0.0336491170434, -0.014781626170701 ], [ 0.033551121418912, -0.014867372342128 ], [ 0.03353070566381, -0.014998033174779 ], [ 0.033555204569932, -0.015071529893145 ], [ 0.033612368684217, -0.015149109762531 ], [ 0.033551121418912, -0.015177691819673 ], [ 0.033502123606668, -0.015181774970694 ], [ 0.033551121418912, -0.015369599917629 ], [ 0.033698114855644, -0.015369599917629 ], [ 0.033734863214827, -0.015402265125791 ], [ 0.033796110480132, -0.01551251020334 ], [ 0.033759362120949, -0.015537009109462 ], [ 0.033779777876051, -0.015586006921706 ], [ 0.033836941990335, -0.01563500473395 ], [ 0.033918605010742, -0.015663586791092 ], [ 0.033967602822986, -0.015663586791092 ], [ 0.034049265843392, -0.015643171035991 ], [ 0.034098263655636, -0.015667669942113 ], [ 0.034188092978083, -0.015618672129869 ], [ 0.034249340243388, -0.015610505827828 ], [ 0.034322836961754, -0.01563092158293 ], [ 0.034286088602571, -0.015520676505381 ], [ 0.034241173941348, -0.015451262938035 ], [ 0.034167677222982, -0.015377766219669 ], [ 0.034171760374002, -0.015357350464568 ], [ 0.034355502169917, -0.015279770595182 ], [ 0.034371834773998, -0.015292020048243 ], [ 0.034355502169917, -0.015422680880893 ], [ 0.034326920112775, -0.015520676505381 ], [ 0.034359585320937, -0.015643171035991 ], [ 0.034363668471958, -0.015712584603336 ], [ 0.034351419018897, -0.015802413925784 ], [ 0.034255464969919, -0.015894284823741 ], [ 0.034102346806656, -0.015922866880883 ], [ 0.033887981378089, -0.015916742154353 ], [ 0.033798152055642, -0.0158861185217 ], [ 0.03365524176993, -0.015867744342109 ], [ 0.033563370871973, -0.015865702766599 ], [ 0.033442917916873, -0.01588203537068 ], [ 0.033316340235243, -0.015928991607414 ], [ 0.033248968243408, -0.015920825305373 ], [ 0.033085642202595, -0.015900409550272 ], [ 0.032977438700556, -0.015906534276802 ], [ 0.032865152047497, -0.015890201672721 ], [ 0.032754906969948, -0.015896326399251 ], [ 0.032667119223011, -0.015945324211495 ], [ 0.032556874145462, -0.016012696203331 ], [ 0.032473169549545, -0.016094359223737 ], [ 0.032385381802608, -0.016206645876796 ], [ 0.032330259263834, -0.01624951896251 ], [ 0.032271053574039, -0.016278101019652 ], [ 0.032240429941387, -0.016296475199243 ], [ 0.032166933223021, -0.016296475199243 ], [ 0.032134268014858, -0.016292392048223 ], [ 0.032056688145472, -0.01625972684006 ], [ 0.032003607182208, -0.016204604301286 ], [ 0.031936235190372, -0.016192354848225 ], [ 0.031746368667927, -0.016108650252308 ], [ 0.031699412431193, -0.01600044675027 ], [ 0.031560585296502, -0.015965739966597 ], [ 0.03145066580798, -0.015931865079535 ], [ 0.031191076712697, -0.015963925392076 ], [ 0.031153282391557, -0.015988380541049 ], [ 0.031109263123405, -0.016031065891985 ], [ 0.031081250861853, -0.01605596568003 ], [ 0.031046569014218, -0.016071972686631 ], [ 0.031018112113595, -0.016099095670038 ], [ 0.030935409246158, -0.016177352146752 ], [ 0.030862933077382, -0.016239601616866 ], [ 0.030750884031177, -0.016355207775649 ], [ 0.030622827978372, -0.01642279291463 ], [ 0.030478764918965, -0.016486820941033 ], [ 0.030428965342874, -0.016476149603299 ], [ 0.030420072561429, -0.016429907139786 ], [ 0.030396951329673, -0.016419235802052 ], [ 0.030352487422448, -0.016429907139786 ], [ 0.030325809078114, -0.016390778901428 ], [ 0.030373830097916, -0.01626805851749 ], [ 0.030386279991939, -0.016207587603665 ], [ 0.030327142995331, -0.01609553855746 ], [ 0.030351598144304, -0.015951920137125 ], [ 0.030382278240289, -0.015836313978343 ], [ 0.030451641935558, -0.015730934518221 ], [ 0.030493438008349, -0.015644229899134 ], [ 0.03056502489898, -0.015558414558191 ], [ 0.030596594273109, -0.01543925128683 ], [ 0.030600151385687, -0.0153836714028 ], [ 0.030581031905581, -0.015352991306815 ], [ 0.030532566246706, -0.015157794754101 ], [ 0.030528119855984, -0.015121778989249 ], [ 0.030542348306296, -0.015067088383364 ], [ 0.030551241087741, -0.015026181588717 ], [ 0.030538791193718, -0.014993722936444 ], [ 0.030538791193718, -0.014959041088809 ], [ 0.030521894908973, -0.014902127287562 ], [ 0.030509889654022, -0.014883007807455 ], [ 0.030558355312897, -0.014829206479714 ], [ 0.030622827978372, -0.014770069483106 ], [ 0.030662845494873, -0.014716712794437 ], [ 0.030677296264721, -0.014667135537882 ], [ 0.030678852501474, -0.014651350850817 ], [ 0.030665957968379, -0.014620670754832 ], [ 0.030659562284033, -0.014613476243503 ] ] ] ] } },
{ "type": "Feature", "properties": { "eventname": "Eregion" }, "geometry": { "type": "MultiPolygon", "coordinates": [ [ [ [ 0.034949090249497, -0.01290133512584 ], [ 0.034909279527049, -0.012907459852371 ], [ 0.034866406441335, -0.012931958758493 ], [ 0.034844969898479, -0.012942166636043 ], [ 0.034790868147459, -0.0129636031789 ], [ 0.034735745608685, -0.01295747845237 ], [ 0.034725537731134, -0.012958499240125 ], [ 0.034569867598484, -0.012920730093187 ], [ 0.034554555782158, -0.012908225443187 ], [ 0.034532098451546, -0.012887044097269 ], [ 0.034428743691344, -0.012864331569718 ], [ 0.034358054139305, -0.012841874239107 ], [ 0.034333044839305, -0.01283294234625 ], [ 0.034256485757674, -0.012795173199312 ], [ 0.034178905888288, -0.012775778231965 ], [ 0.034061515296453, -0.012767611929924 ], [ 0.033998481652577, -0.012726270025844 ], [ 0.03395841573319, -0.012702281513599 ], [ 0.033927792100537, -0.012689011272783 ], [ 0.033930088872986, -0.012685948909518 ], [ 0.033801214418907, -0.012724738844211 ], [ 0.03377365314952, -0.012713510178905 ], [ 0.033718275413807, -0.01271861411768 ], [ 0.033684079024012, -0.012725759631966 ], [ 0.033669277601563, -0.012733925934007 ], [ 0.033620279789319, -0.012728821995231 ], [ 0.033586699783724, -0.012713018711871 ], [ 0.033554438979116, -0.0126772722136 ], [ 0.033519829547614, -0.012630922412175 ], [ 0.033466651232179, -0.01259203643605 ], [ 0.033448277052588, -0.012568047923806 ], [ 0.033421991767894, -0.012549163350337 ], [ 0.033287891012669, -0.012534235655592 ], [ 0.033066421775255, -0.01255063093208 ], [ 0.032963402868924, -0.012538955472786 ], [ 0.032880208666884, -0.012558350440133 ], [ 0.032725559321989, -0.012550311736561 ], [ 0.032675157926582, -0.012539784862837 ], [ 0.032724410935765, -0.012498698155695 ], [ 0.032773408748009, -0.012449700343451 ], [ 0.032794845290866, -0.012414483165901 ], [ 0.032817813015355, -0.012363954172024 ], [ 0.03284588467862, -0.012302196512842 ], [ 0.032956129756169, -0.012180722769987 ], [ 0.033108227131676, -0.012048020361826 ], [ 0.033340528721338, -0.011896677851808 ], [ 0.033485211361931, -0.011801616822355 ], [ 0.033674930049554, -0.011692014006014 ], [ 0.033731348203556, -0.011654401903346 ], [ 0.033841152739825, -0.011610612808773 ], [ 0.033950377029619, -0.011547834361836 ], [ 0.033999374841863, -0.011521293880204 ], [ 0.034105026374514, -0.011483524733266 ], [ 0.03415147221737, -0.01144932834347 ], [ 0.034225479329613, -0.011401861712859 ], [ 0.034329599680632, -0.011334489721024 ], [ 0.034442907121446, -0.011248233155719 ], [ 0.034479145086751, -0.011205870463883 ], [ 0.034547537866342, -0.011099708537355 ], [ 0.034604191586749, -0.010931788951644 ], [ 0.034619503403075, -0.010909331621032 ], [ 0.034642471127564, -0.010887895078175 ], [ 0.034681771456135, -0.010835324508789 ], [ 0.034696682125758, -0.010805646067395 ], [ 0.034704739180624, -0.010784285121034 ], [ 0.034734068425511, -0.01075160413881 ], [ 0.03477006959695, -0.010711809190424 ], [ 0.034815494652051, -0.010689862253689 ], [ 0.034878273098988, -0.010627083806752 ], [ 0.034964529664293, -0.01054439999859 ], [ 0.03502730811123, -0.010509693214917 ], [ 0.035100804829596, -0.010475496825122 ], [ 0.035121220584698, -0.010447425161857 ], [ 0.035140105158167, -0.010359127021043 ], [ 0.035153375398983, -0.01029328621084 ], [ 0.035183488637758, -0.010253985882269 ], [ 0.035228913692859, -0.010209071221046 ], [ 0.035333034043877, -0.010132512139414 ], [ 0.035391218945917, -0.010113117172068 ], [ 0.035541785139792, -0.010086066296558 ], [ 0.035586189407138, -0.010079941570028 ], [ 0.035644884703055, -0.010082493539415 ], [ 0.035685716213258, -0.010094232598599 ], [ 0.035719402209176, -0.010121283474109 ], [ 0.035882217856112, -0.010123835443496 ], [ 0.035858739737745, -0.010146803167986 ], [ 0.035757681749992, -0.010183551527169 ], [ 0.035699496847952, -0.010201415312883 ], [ 0.035692861727544, -0.010204988070025 ], [ 0.035678060305095, -0.010249392337371 ], [ 0.03567908109285, -0.010278995182269 ], [ 0.035694392909177, -0.010307066845534 ], [ 0.035688778576524, -0.010347387961859 ], [ 0.035667342033667, -0.010429561376143 ], [ 0.035641311945912, -0.01044895634349 ], [ 0.035626510523464, -0.010488256672061 ], [ 0.035626000129586, -0.010512755578183 ], [ 0.035635697613259, -0.010567367723079 ], [ 0.035627020917341, -0.010626063018997 ], [ 0.035620896190811, -0.010662300984302 ], [ 0.035585168619383, -0.010669956892465 ], [ 0.035537191594894, -0.010759786214912 ], [ 0.035501464023466, -0.010829710176136 ], [ 0.035453997392855, -0.010881259957767 ], [ 0.035467267633671, -0.010936892890419 ], [ 0.035521879778568, -0.010934851314909 ], [ 0.035470329996936, -0.010963433372051 ], [ 0.035448893454079, -0.010987932278173 ], [ 0.03542388415408, -0.011082865539396 ], [ 0.035437664788773, -0.011101750112865 ], [ 0.035397343672448, -0.011122676261844 ], [ 0.035344773103061, -0.011150237531231 ], [ 0.035369272009183, -0.011165549347558 ], [ 0.03532844049898, -0.011180861163884 ], [ 0.035225851329594, -0.011250785125107 ], [ 0.035239631964287, -0.011311011602657 ], [ 0.035269745203062, -0.011328364994493 ], [ 0.035320784590817, -0.011349291143472 ], [ 0.035336096407143, -0.011363582172044 ], [ 0.035322315772449, -0.011397268167961 ], [ 0.035271786778573, -0.011417173529185 ], [ 0.035196758878574, -0.011449838737348 ], [ 0.035151333823473, -0.011491180641429 ], [ 0.035138063582657, -0.011525887425102 ], [ 0.035166645639799, -0.011539668059795 ], [ 0.035192165333676, -0.011560083814897 ], [ 0.035168687215309, -0.011574374843468 ], [ 0.035131428462249, -0.0116009153251 ], [ 0.03511050231327, -0.011612143990406 ], [ 0.035101825617351, -0.011632559745508 ], [ 0.035106419162249, -0.011655527469997 ], [ 0.035140105158167, -0.011675432831221 ], [ 0.035099273647964, -0.01169227582918 ], [ 0.03508549301327, -0.011702994100608 ], [ 0.035047723866332, -0.011705035676119 ], [ 0.034995153296945, -0.011695848586323 ], [ 0.034955852968375, -0.01169023425367 ], [ 0.03493186445613, -0.011697890161833 ], [ 0.034916552639804, -0.01172749300673 ], [ 0.034917573427559, -0.011749950337342 ], [ 0.034912469488784, -0.011790781847545 ], [ 0.034914511064294, -0.011822426267953 ], [ 0.034918594215314, -0.011876528018972 ], [ 0.035000257235721, -0.011936754496522 ], [ 0.035001788417353, -0.012004126488358 ], [ 0.034903282398988, -0.012110288414886 ], [ 0.034873679554091, -0.012212367190394 ], [ 0.034945134696946, -0.012332820145494 ], [ 0.035030880868373, -0.012374672443452 ], [ 0.035009444325517, -0.012417545529166 ], [ 0.034970654390823, -0.012474709643451 ], [ 0.034965550452048, -0.01252881139447 ], [ 0.03498800778266, -0.012545143998551 ], [ 0.035105398374494, -0.012537998484266 ], [ 0.035108460737759, -0.012585975508754 ], [ 0.035010465113272, -0.012652326712835 ], [ 0.035002298811231, -0.012693158223038 ], [ 0.03499413250919, -0.012741135247527 ], [ 0.034979841480619, -0.012857505051606 ], [ 0.034953300998987, -0.012897315774055 ], [ 0.034949090249497, -0.01290133512584 ] ] ] ] } },
{ "type": "Feature", "properties": { "eventname": "Lithlad" }, "geometry": { "type": "MultiPolygon", "coordinates": [ [ [ [ 0.041002744432543, -0.017391333865804 ], [ 0.041002234038665, -0.017386995517845 ], [ 0.041027498535603, -0.017392354653559 ], [ 0.041048169487644, -0.017391078668865 ], [ 0.041068074848868, -0.017379084412743 ], [ 0.041081600286623, -0.017370152519886 ], [ 0.041101250450908, -0.017366834959682 ], [ 0.041120645418255, -0.017350502355601 ], [ 0.041131363689683, -0.017335190539274 ], [ 0.041149737869275, -0.01732778982805 ], [ 0.041157648974376, -0.017307884466826 ], [ 0.041170664018254, -0.017297931786214 ], [ 0.041177554335601, -0.017281599182133 ], [ 0.041191590167233, -0.017266542562745 ], [ 0.041188527803968, -0.017256845079072 ], [ 0.041174747169274, -0.017248678777031 ], [ 0.041138764400907, -0.017243064444378 ], [ 0.041146165112132, -0.017219331129073 ], [ 0.041147951490703, -0.017191769859685 ], [ 0.041145399521315, -0.01715349031887 ], [ 0.041139274794785, -0.017125163458666 ], [ 0.041148717081519, -0.017114955581115 ], [ 0.041182147880498, -0.017107044476013 ], [ 0.041193121348866, -0.017116997156626 ], [ 0.041207157180498, -0.017132308972952 ], [ 0.041213537103967, -0.017156807879074 ], [ 0.041224000178457, -0.017165994968869 ], [ 0.04123778081315, -0.017169822922951 ], [ 0.041254113417232, -0.017164718984176 ], [ 0.041266618067231, -0.017158083863768 ], [ 0.041273763581517, -0.017142006456625 ], [ 0.041283971459068, -0.017136136927033 ], [ 0.0412980072907, -0.017127970624993 ], [ 0.041311532728455, -0.017106023688258 ], [ 0.041314084697843, -0.017117252353564 ], [ 0.041321485409067, -0.017117762747442 ], [ 0.041333990059067, -0.017114189990299 ], [ 0.041337307619271, -0.017125929049482 ], [ 0.041342921951924, -0.017133074563768 ], [ 0.041355171404985, -0.017133329760707 ], [ 0.041370483221311, -0.017139964881115 ], [ 0.041386560628454, -0.017150683152543 ], [ 0.041405700398861, -0.017150683152543 ], [ 0.041421012215188, -0.017145834410707 ], [ 0.041423819381514, -0.01713894409336 ], [ 0.041450870257024, -0.017135626533156 ], [ 0.041462609316207, -0.017123887473972 ], [ 0.041477155541717, -0.01710781006683 ], [ 0.041494253736615, -0.017109596445401 ], [ 0.041520028627431, -0.017104492506626 ], [ 0.041505227204982, -0.017136136927033 ], [ 0.041512883113145, -0.017154511106625 ], [ 0.041533298868247, -0.017178499618869 ], [ 0.041566474470287, -0.017199936161726 ], [ 0.041618024251919, -0.017189983481114 ], [ 0.041685396243754, -0.017169057332135 ], [ 0.041739242797835, -0.017164463787237 ], [ 0.041783902262119, -0.017142516850503 ], [ 0.041847956693751, -0.017131032988258 ], [ 0.041907162383546, -0.017136647320911 ], [ 0.041949525075381, -0.017142006456625 ], [ 0.042037568019257, -0.017141496062747 ], [ 0.042068702045787, -0.017127460231115 ], [ 0.042082993074358, -0.017055239497443 ], [ 0.042109788752929, -0.017094029432136 ], [ 0.042159807352928, -0.017122611489278 ], [ 0.042196045318234, -0.017121080307646 ], [ 0.042219268239662, -0.017036865317852 ], [ 0.042265203688641, -0.017035589333158 ], [ 0.042295316927416, -0.017079228009687 ], [ 0.042329258120272, -0.017110872430095 ], [ 0.042393312551903, -0.017104747703565 ], [ 0.042431592092719, -0.017074379267851 ], [ 0.042494880933534, -0.017082545569891 ], [ 0.04254132677639, -0.017085863130096 ], [ 0.042557659380472, -0.017126694640299 ], [ 0.042586751831491, -0.017133584957646 ], [ 0.042637791219246, -0.017119293929074 ], [ 0.042681685092714, -0.017125673852544 ], [ 0.042707204786591, -0.01714098566887 ], [ 0.042742932358019, -0.017146600001523 ], [ 0.042735276449856, -0.01717824442193 ], [ 0.042663310913123, -0.017191514662747 ], [ 0.042612781919246, -0.01720733687295 ], [ 0.04259542852741, -0.017224179870909 ], [ 0.042594918133532, -0.017262969805602 ], [ 0.042640343188633, -0.017282875166826 ], [ 0.042752119447815, -0.017286703120908 ], [ 0.042782743080467, -0.017300994149479 ], [ 0.042858281374343, -0.017329576206621 ], [ 0.042897071309036, -0.017360199839274 ], [ 0.042852156647813, -0.017372449292335 ], [ 0.042778659929447, -0.017499026973965 ], [ 0.042725578966183, -0.017597022598453 ], [ 0.042756202598835, -0.017639895684166 ], [ 0.042807241986589, -0.017633770957636 ], [ 0.04281540828863, -0.017648061986207 ], [ 0.042766410476386, -0.017731766582124 ], [ 0.042674539578429, -0.017758307063756 ], [ 0.042631666492715, -0.01781138802702 ], [ 0.042578585529451, -0.017870593716815 ], [ 0.042480589904963, -0.017907342075998 ], [ 0.042360136949863, -0.017954298312732 ], [ 0.042305014411089, -0.017952256737221 ], [ 0.042202935635581, -0.017984921945384 ], [ 0.042158020974357, -0.017950215161711 ], [ 0.042084524255991, -0.017991046671915 ], [ 0.0420661500764, -0.018072709692321 ], [ 0.042027360141706, -0.01806046023926 ], [ 0.041955904998851, -0.018095167022933 ], [ 0.041882408280485, -0.018119665929055 ], [ 0.041850763860077, -0.018106395688239 ], [ 0.04175685138661, -0.018109458051504 ], [ 0.041712957513141, -0.018147227198442 ], [ 0.041666001276407, -0.018173767680074 ], [ 0.041657834974367, -0.018193162647421 ], [ 0.041563922500899, -0.018111499627014 ], [ 0.04145571899886, -0.017970630916813 ], [ 0.041310767137639, -0.017878760018856 ], [ 0.041122942190704, -0.0176868519209 ], [ 0.041086193831521, -0.017603147324983 ], [ 0.04108006910499, -0.017505151700496 ], [ 0.041018821839685, -0.017409197651518 ], [ 0.041002744432543, -0.017391333865804 ] ] ] ] } },
{ "type": "Feature", "properties": { "eventname": "UdunValley" }, "geometry": { "type": "MultiPolygon", "coordinates": [ [ [ [ 0.039571344802979, -0.016533616954596 ], [ 0.039587167013183, -0.016529023409698 ], [ 0.039596992095325, -0.016545866407657 ], [ 0.039618683835121, -0.0165619438148 ], [ 0.039646755498385, -0.016577766025003 ], [ 0.03967686873716, -0.016601754537248 ], [ 0.039738116002465, -0.016622170292349 ], [ 0.039806508782056, -0.016640544471941 ], [ 0.039872349592259, -0.016666064165818 ], [ 0.039920326616747, -0.016699750161736 ], [ 0.039963837694808, -0.016729353006633 ], [ 0.039985657033073, -0.016781413182142 ], [ 0.039973407580012, -0.016829390206631 ], [ 0.03995503340042, -0.01687532565561 ], [ 0.039883578257565, -0.016932489769894 ], [ 0.039828072923382, -0.016965154978057 ], [ 0.03978698621624, -0.016982253172955 ], [ 0.039753045023383, -0.016996289004587 ], [ 0.039745133918281, -0.016998330580097 ], [ 0.039725994147874, -0.017003689715811 ], [ 0.039693073742772, -0.017010835230097 ], [ 0.039665512473385, -0.017010835230097 ], [ 0.039631826477467, -0.017007772866832 ], [ 0.03960222363257, -0.016997564989281 ], [ 0.03954199715502, -0.016979190809689 ], [ 0.039507290371347, -0.016947546389282 ], [ 0.039484833040736, -0.016898548577038 ], [ 0.039472583587675, -0.016839342887243 ], [ 0.03947360437543, -0.016772991683163 ], [ 0.039476666738695, -0.016722973083164 ], [ 0.039496061706041, -0.016665808968879 ], [ 0.039513415097878, -0.016616811156635 ], [ 0.039533830852979, -0.016573938070922 ], [ 0.039553225820326, -0.01655556389133 ], [ 0.03956700645502, -0.016546504400004 ], [ 0.039571344802979, -0.016533616954596 ] ] ] ] } },
{ "type": "Feature", "properties": { "eventname": "PlateauOfGorgoroth" }, "geometry": { "type": "MultiPolygon", "coordinates": [ [ [ [ 0.041657962572836, -0.018193162647421 ], [ 0.04164111866579, -0.018201633162455 ], [ 0.041059533230806, -0.018494102608961 ], [ 0.041038344405501, -0.01850475810966 ], [ 0.041035282042236, -0.018473113689252 ], [ 0.041001596046318, -0.01844657320762 ], [ 0.040995471319788, -0.018435344542314 ], [ 0.04096586847489, -0.018419011938233 ], [ 0.04095770217285, -0.018409824848437 ], [ 0.040932182478973, -0.018405741697417 ], [ 0.040896454907545, -0.018419011938233 ], [ 0.040873997576933, -0.018429219815784 ], [ 0.040816833462648, -0.018408804060682 ], [ 0.040803563221832, -0.018399616970886 ], [ 0.040794376132037, -0.018396554607621 ], [ 0.04077498116469, -0.018403700121907 ], [ 0.040763752499384, -0.018405741697417 ], [ 0.040749461470813, -0.018391450668846 ], [ 0.040724962564691, -0.018383284366805 ], [ 0.040720879413671, -0.018371034913744 ], [ 0.040706588385099, -0.018361847823948 ], [ 0.040682089478978, -0.018373076489254 ], [ 0.040679027115712, -0.01838226357905 ], [ 0.040663715299386, -0.018399616970886 ], [ 0.040671881601427, -0.018417991150478 ], [ 0.040689234993263, -0.01844453163211 ], [ 0.040703526021834, -0.018473113689252 ], [ 0.04070862996061, -0.018496591807619 ], [ 0.040681068691222, -0.018497612595374 ], [ 0.040673923176937, -0.018518028350476 ], [ 0.040657590572856, -0.018511903623945 ], [ 0.040627987727958, -0.018528236228027 ], [ 0.040583073066735, -0.018523132289251 ], [ 0.040554491009592, -0.018521090713741 ], [ 0.040534075254491, -0.01850884126068 ], [ 0.040513659499389, -0.018521090713741 ], [ 0.040493243744287, -0.018505778897415 ], [ 0.040448329083064, -0.018494550232109 ], [ 0.040387081817759, -0.018515986774966 ], [ 0.040388102605514, -0.018533340166802 ], [ 0.040347271095311, -0.018531298591292 ], [ 0.040294190132046, -0.018524153077006 ], [ 0.040302356434087, -0.018507820472925 ], [ 0.040291127768781, -0.018494550232109 ], [ 0.040268670438169, -0.018481279991293 ], [ 0.040241109168782, -0.018471072113742 ], [ 0.040240088381027, -0.01844657320762 ], [ 0.040239067593272, -0.018430240603539 ], [ 0.04021661026266, -0.018396554607621 ], [ 0.040194152932048, -0.01837818042803 ], [ 0.040172716389192, -0.018353681521908 ], [ 0.040179861903477, -0.018335307342316 ], [ 0.040162508511641, -0.018318974738235 ], [ 0.040115552274907, -0.018299579770888 ], [ 0.04014821748307, -0.018288351105582 ], [ 0.040142092756539, -0.018254665109665 ], [ 0.040109427548376, -0.018231186991298 ], [ 0.040093094944295, -0.018230166203543 ], [ 0.040102282034091, -0.01819137626885 ], [ 0.040110448336132, -0.018155648697422 ], [ 0.040097178095315, -0.018126045852524 ], [ 0.040073699976949, -0.018086235130076 ], [ 0.040051242646337, -0.018083172766811 ], [ 0.040051242646337, -0.018061736223954 ], [ 0.040037972405521, -0.018033154166812 ], [ 0.040014494287154, -0.018017842350486 ], [ 0.039992036956542, -0.01800865526069 ], [ 0.03997366277695, -0.017993343444364 ], [ 0.039968558838175, -0.017981093991303 ], [ 0.039942018356543, -0.017937200117834 ], [ 0.039936914417768, -0.017905555697427 ], [ 0.039913436299401, -0.017864724187223 ], [ 0.039884854242258, -0.017843287644367 ], [ 0.039867500850422, -0.017820830313755 ], [ 0.039867500850422, -0.017801435346408 ], [ 0.039855251397361, -0.017762645411715 ], [ 0.039827690127974, -0.017719772326002 ], [ 0.039814419887158, -0.017688127905594 ], [ 0.03978277546675, -0.017609527248453 ], [ 0.039678655115732, -0.0173880163056 ], [ 0.039618428638182, -0.017257355472949 ], [ 0.039545952707571, -0.017148131183156 ], [ 0.039528599315735, -0.017096071007646 ], [ 0.03959188815655, -0.017108320460707 ], [ 0.039666405662671, -0.017102195734177 ], [ 0.039688862993283, -0.017093008644381 ], [ 0.03971846583818, -0.01707871761581 ], [ 0.039739902381037, -0.017045031619892 ], [ 0.039746027107567, -0.017023595077036 ], [ 0.039746920296853, -0.017011728419383 ], [ 0.039745133918281, -0.016998330580097 ], [ 0.039754193409608, -0.016996289004587 ], [ 0.039762742507057, -0.016992461050506 ], [ 0.039768739635118, -0.017002796526526 ], [ 0.039776267944811, -0.017004455306628 ], [ 0.039833942452974, -0.017000372155607 ], [ 0.039872732387667, -0.016997309792342 ], [ 0.039905397595829, -0.016986591520914 ], [ 0.039941125167257, -0.016978425218873 ], [ 0.039976852738685, -0.0169687277352 ], [ 0.040004414008072, -0.016964134190302 ], [ 0.040030444095827, -0.016963113402547 ], [ 0.040049839063173, -0.016954436706629 ], [ 0.040042693548888, -0.016938104102547 ], [ 0.040037589610112, -0.016925344255609 ], [ 0.040050349457051, -0.016910032439283 ], [ 0.040093222542764, -0.016894720622956 ], [ 0.040108023965213, -0.016896251804589 ], [ 0.040145793112151, -0.016892168653569 ], [ 0.040151917838682, -0.016903907712752 ], [ 0.040165188079498, -0.016918709135201 ], [ 0.040181520683579, -0.016934531345405 ], [ 0.040256548583578, -0.016956478282139 ], [ 0.040290744973373, -0.016946270404588 ], [ 0.040315754273372, -0.016945249616833 ], [ 0.040327493332556, -0.016955967888261 ], [ 0.040311671122352, -0.01697281088622 ], [ 0.040323410181536, -0.016986591520914 ], [ 0.040371897599902, -0.017002413731118 ], [ 0.040412729110105, -0.01699782018622 ], [ 0.040459174952961, -0.017002924124995 ], [ 0.040504600008063, -0.01700598648826 ], [ 0.040560232940715, -0.017011600820913 ], [ 0.040666905261121, -0.017018746335199 ], [ 0.040674561169284, -0.017036610120913 ], [ 0.040712840710099, -0.017056005088259 ], [ 0.040726621344793, -0.017051411543362 ], [ 0.040783785459078, -0.017059067451525 ], [ 0.040821554606016, -0.017068764935198 ], [ 0.040831252089689, -0.017100919749483 ], [ 0.040857282177443, -0.017148386380094 ], [ 0.040856261389688, -0.017187686708665 ], [ 0.040833804059077, -0.01721575837193 ], [ 0.04081645066724, -0.017240257278052 ], [ 0.040780723095812, -0.017254548306623 ], [ 0.040782254277445, -0.017269860122949 ], [ 0.040765411279486, -0.017271901698459 ], [ 0.040741933161119, -0.017270880910704 ], [ 0.040709778346834, -0.017281599182133 ], [ 0.040681196289692, -0.017299973361724 ], [ 0.040666394867243, -0.01731732675356 ], [ 0.040666905261121, -0.017349481567846 ], [ 0.040682217077447, -0.017353054324988 ], [ 0.040713351103977, -0.017352543931111 ], [ 0.040679154714182, -0.017370407716825 ], [ 0.040674561169284, -0.017390313078049 ], [ 0.0406628221101, -0.017434206951517 ], [ 0.040719986224385, -0.017457685069884 ], [ 0.040761838522343, -0.017467382553558 ], [ 0.040800628457036, -0.017444925222946 ], [ 0.040828189726424, -0.017420936710701 ], [ 0.040860854934586, -0.0174005209556 ], [ 0.040889947385606, -0.017409197651518 ], [ 0.040933330865197, -0.017412770408661 ], [ 0.040964464891727, -0.017397968986212 ], [ 0.040978755920298, -0.017388781896416 ], [ 0.041002361637135, -0.017386867919375 ], [ 0.041002106440196, -0.017391844259681 ], [ 0.041035026845297, -0.017436503723966 ], [ 0.041068712841215, -0.017495709413761 ], [ 0.041077899931011, -0.017509490048455 ], [ 0.041078410324888, -0.017577372434168 ], [ 0.041112096320806, -0.017687107117839 ], [ 0.041233570063661, -0.017809091254571 ], [ 0.041380053106515, -0.017927502634161 ], [ 0.04143925879631, -0.017952001540283 ], [ 0.041535212845287, -0.018092870250484 ], [ 0.041609730351408, -0.018154117515789 ], [ 0.041657962572836, -0.018193162647421 ] ] ] ] } }
]
}
